Ticker,AAPL,AAPL,AAPL,AAPL,AAPL,AMZN,AMZN,AMZN,AMZN,AMZN,GOOGL,GOOGL,GOOGL,GOOGL,GOOGL,MSFT,MSFT,MSFT,MSFT,MSFT
Price,Open,High,Low,Close,Volume,Open,High,Low,Close,Volume,Open,High,Low,Close,Volume,Open,High,Low,Close,Volume
Date,,,,,,,,,,,,,,,,,,,,
2020-01-02,71.4765996590847,72.52858156247073,71.22325926076245,72.46826171875,135480400,93.75,94.90049743652344,93.2074966430664,94.90049743652344,80580000,66.91491828092151,67.92081451416016,66.8196375144199,67.92081451416016,27278000,150.75863421764512,152.61011978828174,150.33137054564196,152.50567626953125,22622100
2020-01-03,71.696182592324,72.52376928666806,71.53935243232584,71.76374053955078,146322800,93.2249984741211,94.30999755859375,93.2249984741211,93.74849700927734,75288000,66.89455006542131,68.17239322842448,66.8608008610866,67.56547546386719,23408000,150.32187193960533,151.8695164582388,150.07499755302646,150.60670471191406,21116200
2020-01-06,70.88548689932232,72.3741768820521,70.63455422652187,72.3355712890625,118387200,93.0,95.18450164794922,93.0,95.14399719238281,81236000,67.07470353986153,69.39170027421379,67.04344557379943,69.36639404296875,46768000,149.14451665528264,151.06247283904833,148.60330538796924,150.99600219726562,20813700
2020-01-07,72.34518902923438,72.60094451443848,71.77577337938688,71.9953384399414,108872000,95.2249984741211,95.69450378417969,94.60199737548828,95.34300231933594,80898000,69.49789480129157,69.64875536577131,69.05623219302926,69.2323989868164,34330000,151.27138077488013,151.60369056590727,149.3724180103726,149.61927795410156,21634100
2020-01-08,71.6985739444987,73.45508735263148,71.6985739444987,73.15348815917969,132079200,94.9020004272461,95.55000305175781,94.3219985961914,94.59850311279297,70160000,69.21801197598803,70.0631280606545,69.10933602043706,69.72518157958984,35314000,150.90103974022296,152.67657943105735,149.97055222344378,152.00244140625,27746500
2020-01-09,74.13068273740295,74.90036463569696,73.87975745537804,74.70734405517578,170108400,95.49449920654297,95.89099884033203,94.79000091552734,95.05249786376953,63346000,70.56333031718493,70.89830085438531,69.98172629744387,70.45713806152344,33200000,153.66401217988863,154.02481962095533,152.8949348348202,153.90138244628906,21385000
2020-01-10,74.94137084294664,75.44082088635776,74.3743628731269,74.876220703125,140644800,95.26850128173828,95.34700012207031,94.0,94.15799713134766,57074000,70.93751472809956,71.20896226489012,70.44771578618479,70.91220092773438,26258000,154.59455860928736,154.97434534980923,153.0373953045155,153.18931579589844,20725900
2020-01-13,75.19229822984673,76.50244329938738,75.07406634437707,76.47589874267578,121532000,94.56549835205078,94.9000015258789,94.04000091552734,94.56500244140625,55616000,71.2243417721376,71.53350634319095,70.73405063566273,71.46155548095703,30730000,153.58814070127926,155.05984010091498,153.11339989416706,155.03135681152344,21626500
2020-01-14,76.41317742986432,76.62308929816353,75.32018220682278,75.44322967529297,161954400,94.29399871826172,94.35549926757812,92.92749786376953,93.47200012207031,68818000,71.46005654089402,71.59057063646944,70.85313873662007,70.99308776855469,26076000,155.13576394480137,155.33516141166606,153.55013175988464,153.93942260742188,23477400
2020-01-15,75.2429736592525,76.12364189473249,74.6880266854858,75.11991882324219,121923600,93.61250305175781,93.94300079345703,92.75450134277344,93.10099792480469,57932000,71.11368347743128,71.49877431407914,71.04619262822877,71.42036437988281,21550000,154.40463316070066,155.6579553399232,154.35717068949413,154.93634033203125,21417900
2020-01-16,75.66279597280943,76.17189926714461,75.3008769215495,76.06090545654297,108829200,94.14949798583984,94.27950286865234,93.3010025024414,93.89700317382812,53190000,71.73051821248909,71.991054234151,71.46006263409811,71.9642562866211,26080000,156.0472356229151,157.84175444938765,155.74339469520643,157.77528381347656,23865400
2020-01-17,76.30942443229468,76.90538477645106,76.00300228022495,76.9029769897461,137816400,94.29450225830078,94.33200073242188,92.86250305175781,93.23600006103516,79946000,72.57861703888604,73.47236161437567,72.28136348423534,73.42124938964844,52424000,158.96215166642233,159.00962862726476,157.07267873319398,158.6583251953125,34371700
2020-01-21,76.53141272712692,76.97295078497612,76.2442896548719,76.38182067871094,110843200,93.25,94.7135009765625,93.0,94.5999984741211,74156000,73.39544471015016,73.93537154529689,72.95924161824139,73.55673217773438,48930000,158.25955326274573,159.6932794532372,158.02218291204835,158.08865356445312,29517200
2020-01-22,76.8667843985574,77.20698922015548,76.56036222573736,76.65446472167969,101832400,94.80449676513672,95.125,94.16699981689453,94.37300109863281,64326000,73.92792510020561,74.46635262161918,73.57707565322256,73.63711547851562,28458000,158.94310951182484,159.02857381045104,157.3100010748452,157.32899475097656,24138800
2020-01-23,76.70755279875391,77.10324719984139,76.15984382890906,77.02362823486328,104472000,94.25550079345703,94.4990005493164,93.63800048828125,94.22899627685547,49692000,73.81974363908597,74.1150132847147,73.4609509628069,73.67781066894531,26650000,157.7943071736997,158.37349137414458,156.92078607413185,158.2975311279297,19680800
2020-01-24,77.26973366124079,78.01287102929439,76.61103819892749,76.80165100097656,146537600,94.56849670410156,94.74949645996094,92.37200164794922,93.08200073242188,75324000,74.08126273759932,74.1497455459025,72.61037407881075,72.75875854492188,29786000,159.04759713884232,159.06659082024498,156.14218686539624,156.70237731933594,24918100
2020-01-27,74.81109052667422,75.22367624090043,73.56126499598109,74.54327392578125,161940000,91.0,92.05000305175781,90.76699829101562,91.41699981689453,70570000,71.04025524994445,71.29036443872995,70.44276461566322,71.0496826171875,34132000,153.00891432015612,155.1262681697583,152.10690993192532,154.0818328857422,32078100
2020-01-28,75.42392754574348,76.82334485387435,75.32500212699546,76.65203857421875,162234000,92.0250015258789,92.90550231933594,91.5009994506836,92.6624984741211,56160000,71.54641358018323,72.19451657572402,70.98168030050765,71.98113250732422,29724000,155.50606002902032,157.386029114127,154.83193635911937,157.1011962890625,24899900
2020-01-29,78.28310584272509,79.1034543464979,77.54237630271076,78.25656127929688,216229200,93.19999694824219,93.73750305175781,92.7509994506836,92.9000015258789,41760000,72.37614063669027,72.65801507586868,71.72754546979097,72.28880310058594,21566000,159.36094890964196,160.22498042935823,157.3195697689756,159.55084228515625,34754500
2020-01-30,77.33970834921887,78.19624735599628,76.90781612011679,78.1431655883789,126743200,92.9000015258789,93.64350128173828,92.53050231933594,93.53399658203125,126548000,71.36576634565895,72.21683393491814,71.2119299385252,72.1672134399414,27110000,165.2572370102274,165.2572370102274,162.16191844057855,164.0513916015625,51597500
2020-01-31,77.43378925544725,77.85602816826189,74.38402173692818,74.67838287353516,199588400,102.57350158691406,102.78600311279297,100.1135025024414,100.43599700927734,311346000,72.8426206238996,72.93244183951124,70.81791775939544,71.10177612304688,43822000,163.5102330263836,163.69062236086273,161.01309177742172,161.6302490234375,36142700
2020-02-03,73.42130011057627,75.6386578310323,72.91944232393651,74.47328186035156,173788400,100.52999877929688,102.42500305175781,100.01249694824219,100.20999908447266,117834000,72.53444375093086,73.75770686602394,72.2843346143234,73.57408905029297,71636000,161.8200789361987,165.68447449319962,161.79159565835778,165.57054138183594,30107000
2020-02-04,76.07782966764536,77.12257390401518,75.6724819221866,76.93196105957031,136616400,101.49400329589844,102.98999786376953,100.76850128173828,102.4834976196289,105786000,72.17913629710675,72.81681238861734,70.56830620024466,71.7285385131836,95880000,168.19116362071244,171.51434909378915,167.40309218425875,171.02061462402344,36433300
2020-02-05,78.0587078925949,78.35789935199301,76.95606664401838,77.55926513671875,118826800,103.5510025024414,103.5510025024414,101.5999984741211,101.99349975585938,87524000,72.63171390377897,72.67985026168276,70.94794090510676,71.76029968261719,36376000,174.73302272847744,174.89443279267977,169.39694306179686,170.81166076660156,39186300
2020-02-06,77.82948747921107,78.4688763315637,77.27213272836197,78.46646118164062,105425600,102.0510025024414,102.81500244140625,101.23999786376953,102.5114974975586,63660000,72.05456565445883,73.52247823589383,71.98013112225189,73.24507141113281,37822000,171.8276475214221,174.53367526571967,170.96361598336935,174.353271484375,27751400
2020-02-07,77.96582750464246,78.2149347676415,76.90893545307632,77.39989471435547,117684000,102.09950256347656,104.92649841308594,101.90499877929688,103.96399688720703,101906000,72.81929769136995,73.70559879869327,72.7210410665216,73.4009017944336,28360000,173.61271944332427,176.25227717924042,173.26140139327634,174.6001739501953,33529100
2020-02-10,75.9850613598187,77.76750946044922,75.90525344548281,77.76750946044922,109348800,104.25050354003906,106.77999877929688,104.24800109863281,106.69550323486328,101124000,73.30761445127459,74.87824391485704,73.206874148299,74.86732482910156,38302000,174.30577475067838,179.30004105721275,173.99244419039184,179.1671142578125,35844300
2020-02-11,78.26331921379253,78.33587187126635,77.08065923180118,77.29832458496094,94323200,107.54499816894531,109.29750061035156,106.80000305175781,107.54000091552734,114920000,75.09610172081878,75.92037918006768,74.70803495822373,74.93680572509766,34852000,181.01861612373997,181.06609308949365,174.22983017110295,175.12234497070312,53159900
2020-02-12,77.74816513747918,79.13881418044723,77.74816513747918,79.13397979736328,113730400,108.16000366210938,109.01249694824219,107.7645034790039,108.0,66686000,75.22463329676346,75.44496865670375,74.86783206779972,75.36209869384766,31042000,176.20476736113224,176.46113140653625,172.66320564680828,175.37872314453125,47062900
2020-02-13,78.40599987113015,78.8969591321478,78.20284507837152,78.5704574584961,94747600,107.24949645996094,108.51399993896484,107.0999984741211,107.49349975585938,60636000,74.93381963355475,75.72533972486248,74.63606632799268,75.10205078125,22914000,173.83103662761303,176.8218969013737,173.63163918165944,174.42921447753906,35295800
2020-02-14,78.53902662089303,78.8389281598991,78.08193011775062,78.5898208618164,80113600,107.78399658203125,107.9520034790039,106.29450225830078,106.74349975585938,52124000,75.15861826834625,75.43254947654793,74.71298029109376,75.3670425415039,23198000,173.99244218660291,176.0433252005315,173.42274763120017,175.98635864257812,23149500
2020-02-18,76.2704349958008,77.3321687046637,76.08904601525819,77.1507797241211,152531200,106.2509994506836,108.30349731445312,106.20549774169922,107.78350067138672,58912000,75.14919009338159,75.9541053185797,74.98393482404958,75.40227508544922,25642000,176.23322251246853,178.2176349280417,176.12877899123126,177.77137756347656,27792200
2020-02-19,77.39265473323287,78.49792035501915,77.39265473323287,78.26815795898438,93984000,108.38999938964844,109.25499725341797,108.05599975585938,108.51100158691406,51224000,75.78736486702398,75.96303945445767,75.47870007359468,75.67173767089844,22746000,179.04715195867632,179.1613962650694,177.53335678894416,178.30453491210938,29997500
2020-02-20,78.0287063254119,78.51724467318775,76.95971731481961,77.4651870727539,100566000,108.65350341796875,108.8395004272461,106.37249755859375,107.65499877929688,62626000,75.38094121635825,75.78091896387954,74.64896876279927,75.28070068359375,25962000,177.99036715778334,178.27599248114515,172.4207387260117,175.5816192626953,36862400
2020-02-21,77.05889434201991,77.50148770003717,75.09505699539346,75.71177673339844,129554000,107.10749816894531,107.22750091552734,104.4000015258789,104.79850006103516,92926000,74.66484862101126,74.98096446759392,73.37013437097549,73.61676788330078,42520000,174.3915250882964,174.70571148986244,168.75524447726494,170.03102111816406,48572600
2020-02-24,71.8929330165793,73.56654484289926,69.950861613102,72.11543273925781,222195200,100.15899658203125,101.96499633789062,99.39849853515625,100.4645004272461,130940000,70.61892873661743,71.28043457661818,69.8120294255332,70.46062469482422,49560000,159.72957434916313,166.18463956657936,155.40714713360293,162.70004272460938,68311100
2020-02-25,72.78537928554614,73.16750228692123,69.20113004030677,69.67273712158203,230673600,101.32099914550781,101.7300033569336,97.9209976196289,98.63700103759766,124382000,71.01345207622762,71.30375438851503,68.50341762530834,68.79620361328125,51580000,165.8514056385486,166.46073285003268,159.61531360581694,160.01519775390625,68073300
2020-02-26,69.29785906555418,72.04288097148186,69.29060380017634,70.77799224853516,198054800,98.51399993896484,100.7334976196289,98.02249908447266,98.97949981689453,104492000,69.22595484103678,70.15344868855172,68.31136399152298,69.00214385986328,49776000,161.576625856982,164.95647988284654,160.14851361140236,162.0145721435547,56206100
2020-02-27,67.98459409848462,69.16966734254164,66.01591540828939,66.15135192871094,320605600,96.71900177001953,98.75,94.13800048828125,94.21499633789062,162880000,67.44738173946918,67.95653516579354,65.21921458048752,65.25444793701172,62290000,155.4928762121868,159.02506587788727,150.4087853173964,150.5991973876953,93174900
2020-02-28,62.218858912688944,67.33402814341571,62.00360705177279,66.1126708984375,426510000,90.73149871826172,94.48799896240234,90.55650329589844,94.1875,189620000,63.23769037956694,66.61913861220282,62.93497730501943,66.46034240722656,80198000,145.1057120982535,155.86415937952862,144.7153579750086,154.24562072753906,97012700
2020-03-02,68.26999310714803,72.90387904877242,67.16714840245746,72.26780700683594,341397200,95.32450103759766,97.72550201416016,93.5,97.69750213623047,135234000,67.06280243372319,68.85326757659175,65.76312069292557,68.79620361328125,55430000,157.38748705939656,164.6327770616493,154.53126258325238,164.50900268554688,71030800
2020-03-03,73.44321158109558,73.52301950606079,69.12130946491573,69.9726333618164,319475600,98.76850128173828,99.81649780273438,94.40450286865234,95.44950103759766,150690000,69.3599333673379,69.88149002953965,65.9635907304917,66.38441467285156,56602000,165.4705910993296,166.61307787065545,154.48364057176903,156.6258087158203,71677000
2020-03-04,71.6946122287109,73.37790019382146,70.89408264604006,73.21827697753906,219178400,97.32849884033203,98.9000015258789,96.0999984741211,98.79149627685547,95458000,67.43845113577657,68.62052161924996,66.34868554057559,68.56196594238281,47598000,160.41507121846044,162.51914816724377,157.6826069544084,162.3763427734375,49814400
2020-03-05,71.47210154193513,72.4467648225109,70.47809334857007,70.84329223632812,187572800,96.6500015258789,98.03600311279297,95.5,96.20149993896484,94964000,66.77296260791123,67.17393979893072,64.59393166963844,65.24501037597656,54380000,158.09199505613142,162.6809872137587,157.74924760857994,158.30145263671875,47817300
2020-03-06,68.20226931131931,70.3354058888164,68.01604591388242,69.9024887084961,226176800,93.75,95.54350280761719,93.4749984741211,95.05449676513672,105472000,63.02132406345207,64.64902106500841,62.38909999241039,64.30115509033203,64640000,154.8168725190958,155.29290988438083,148.5236579689275,153.82672119140625,72821100
2020-03-09,63.78846370366684,67.25662042749718,63.6070747073531,64.37374877929688,286744800,88.69300079345703,93.13849639892578,88.06449890136719,90.03050231933594,156264000,59.796201666927104,62.16679053047271,59.45279565268837,60.333641052246094,69252000,143.76325170458367,150.18975467813294,142.8111771899838,143.40145874023438,70419300
2020-03-10,67.02688078666671,69.27610190295883,65.14768563149643,69.01006317138672,285290000,93.54399871826172,94.7135009765625,90.90850067138672,94.59100341796875,142666000,62.249166437969265,63.3141180465607,60.27011622097382,63.280372619628906,54872000,150.5801043527733,153.31255348170296,145.2675269719334,153.20782470703125,65354400
2020-03-11,67.08733175658426,68.01362169576068,65.74988307252373,66.61329650878906,255598800,92.89250183105469,93.56600189208984,90.07499694824219,91.04299926757812,112496000,61.9454606818698,62.37521226684703,59.11037916246386,60.09096908569336,54732000,149.59950391858936,150.142178949303,143.90608668965464,146.26724243164062,56371600
2020-03-12,61.8996041788163,65.30004285714023,59.9792986243362,60.0349235534668,418474000,86.0989990234375,88.25,83.75,83.83049774169922,226924000,55.71007122053141,58.99177508979836,55.00787634557328,55.16072082519531,94326000,138.33644333258042,146.11489113015546,131.93850080995347,132.39549255371094,93226400
2020-03-13,64.06420829674353,67.69924517714318,61.17648985244003,67.22763061523438,370732000,87.75,89.31549835205078,84.03099822998047,89.25,176194000,58.308932915533035,60.26465691209083,55.19744041947914,60.25820541381836,79400000,140.43101010915177,154.15040922743378,133.9854606961012,151.218017578125,92727400
2020-03-16,58.51609179443726,62.65901412516802,58.044481123383505,58.578975677490234,322423600,82.07550048828125,87.97250366210938,81.30149841308594,84.4574966430664,178346000,54.071946637182414,56.8440010306716,52.95389514808521,53.247676849365234,96520000,133.29045052414764,142.19235428086998,128.53007729114236,128.92994689941406,87905900
2020-03-17,59.86078026244391,62.303482965474245,57.65750864986293,61.15468978881836,324056000,88.77349853515625,92.88899993896484,84.46199798583984,90.39199829101562,218342000,54.12306272429023,55.87780214419819,52.06163860584557,55.48377990722656,83194000,133.29044104633834,140.43100038810647,128.53006815182624,139.5455780029297,81059800
2020-03-18,57.98886105384675,60.46300623570861,57.347950973526814,59.65763854980469,300233600,87.5,92.08300018310547,87.25,91.5,192904000,52.59957358482276,54.83518057354146,51.461171864578795,54.15035629272461,93044000,131.38632147313834,139.00291981940723,128.54914265685554,133.67129516601562,81593200
2020-03-19,59.831764860050804,61.14985749394757,58.67571261986398,59.200531005859375,271857200,93.0,97.25,91.63249969482422,94.04650115966797,207998000,54.002967616874486,57.198325857658745,52.38171818946068,55.16667556762695,74064000,135.9276971037771,142.9539978968266,132.33837173085726,135.87057495117188,85922700
2020-03-20,59.78096338062255,60.905577165183914,55.14224473928232,55.442142486572266,401693200,96.31549835205078,97.8499984741211,91.0364990234375,92.30449676513672,196358000,56.120960417669764,56.49711985632716,52.706758754959296,53.00996780395508,82878000,139.00289578141994,140.05018368392615,129.34885962811197,130.7674560546875,84866200
2020-03-23,55.16160047962253,55.26317786918558,51.42015002405914,54.26432800292969,336752800,91.38749694824219,95.97000122070312,90.5999984741211,95.1415023803711,156170000,52.422412216355276,52.94546064378,50.06522244779054,52.31125259399414,83672000,130.44377070445623,133.8331693926843,126.16896390144713,129.463134765625,78975200
2020-03-24,57.16413951249609,59.904323146252956,56.66592497733461,59.70842361450195,287531200,97.57499694824219,97.75,95.01699829101562,97.00499725341797,142942000,54.78505912386957,56.241553000148,53.91413715081012,56.07679748535156,72468000,136.86073924483702,142.43038209641236,134.49959803721939,141.2307586669922,82516700
2020-03-25,60.644390107262105,62.45828014038061,59.08444541685393,59.3795051574707,303602000,96.03450012207031,97.51300048828125,94.28900146484375,94.29199981689453,129582000,55.807331872007914,56.87873487195251,53.744419951306355,54.66794204711914,90324000,141.77341766977642,146.9336597306047,137.5176434809238,139.8787841796875,75638200
2020-03-26,59.62135514690596,62.56227261652978,59.582657941818766,62.50423049926758,252087200,95.0999984741211,97.82450103759766,94.4645004272461,97.77449798583984,124426000,55.318030110125996,58.13474890041743,54.19203923465437,57.709957122802734,76562000,141.28788485275086,149.1520314608854,141.25932377290354,148.62838745117188,64568100
2020-03-27,61.12808169143063,61.88265861091748,59.74952628453428,59.916404724121094,204216800,96.54299926757812,96.989501953125,94.99600219726562,95.00499725341797,107758000,55.950749927564374,57.12090932887696,54.78605006867187,55.096702575683594,62794000,144.4773451571793,147.46685932924893,142.0495516081798,142.5255889892578,57042300
2020-03-30,60.6419727055928,61.79802498746447,60.31788821611853,61.62630844116211,167976400,96.1415023803711,98.68150329589844,95.61699676513672,98.19750213623047,122522000,56.20731596127036,57.118431141959434,54.51262006874927,56.88568878173828,58736000,145.1342488589376,152.90318078769192,142.82070011414092,152.5509033203125,63420300
2020-03-31,61.8173747321562,63.483731229594824,60.94670602705082,61.500545501708984,197002000,98.21749877929688,99.6510009765625,97.20050048828125,97.48600006103516,102472000,57.00578084729468,58.23002839559108,56.40978203312284,57.66182327270508,65228000,151.76069687308703,156.88286325614513,149.0568082917914,150.15170288085938,77927200
2020-04-01,59.61651626922201,60.15342798886396,57.83406826188775,58.264564514160156,176218400,96.64849853515625,97.24800109863281,94.6500015258789,95.38500213623047,82438000,55.77855070150848,56.04751835147688,54.26448935397661,54.6917610168457,51970000,145.6674448705902,150.18980018520003,143.5919287730892,144.82009887695312,57969900
2020-04-02,58.12671272222617,59.29002033037774,57.294741195546685,59.236812591552734,165934000,95.08200073242188,96.37650299072266,94.5,95.94149780273438,86720000,54.58755454494788,55.71751713604939,54.24663221103603,55.43267059326172,56410000,144.58204408545626,148.0285493634673,143.15393223732946,147.819091796875,49630700
2020-04-03,58.72166453956951,59.423033841940786,57.79537096509543,58.38549041748047,129880000,95.55750274658203,96.31649780273438,94.4574966430664,95.32949829101562,72198000,55.317529915740444,55.51999865992436,53.3508908084344,54.22528076171875,51374000,147.66684198450167,149.8375718763018,144.89630017897633,146.45770263671875,41243300
2020-04-06,60.68067122588063,63.63368236649505,60.31305880719071,63.47890090942383,201820400,96.80000305175781,99.9260025024414,96.5009994506836,99.87950134277344,115464000,56.225178787159976,59.09102217267394,55.82817690363127,58.715858459472656,63320000,152.636658315839,158.52047435471906,150.02796780225998,157.34942626953125,67111700
2020-04-07,65.49352786324853,65.71120059846693,62.63967681398028,62.74367141723633,202887200,100.85549926757812,101.78600311279297,99.88099670410156,100.58000183105469,102280000,60.39417589671466,60.581265562426175,58.42108508282757,58.684593200683594,61620000,161.46234039547727,161.8526944982216,155.4357059688015,155.65469360351562,62769000
2020-04-08,63.544192303076315,64.66396824725281,63.17900080091498,64.34956359863281,168895200,101.05000305175781,102.19999694824219,100.55750274658203,102.1500015258789,79546000,59.703893038845585,60.28946874689685,58.75357293120654,59.897430419921875,40334000,157.73020890061215,158.68228357100458,155.66420860916136,157.21609497070312,48318200
2020-04-09,64.98562401276064,65.31696001402688,64.0182161815665,64.81390380859375,161834800,102.21499633789062,102.6500015258789,100.88300323486328,102.13800048828125,92930000,60.45223548466913,60.64130526356233,59.17389237351014,59.8760871887207,54028000,158.38714875924393,159.34873898293552,155.502363560662,157.22561645507812,51385100
2020-04-13,64.89130259807796,66.19488828158737,64.29150704508059,66.08605194091797,131022800,102.0,109.0,101.9000015258789,108.44349670410156,134334000,59.624495605528445,60.27061469622001,58.673183531399104,60.066654205322266,38702000,156.4734549271195,157.63498701674098,154.52169923373884,157.57785034179688,41905300
2020-04-14,67.71856827528313,69.71384751910844,67.24695386535642,69.42362213134766,194994800,110.02349853515625,114.5999984741211,109.31050109863281,114.16600036621094,161744000,61.533568790759,63.309150595298796,60.96635185248098,62.7870979309082,63358000,160.90066273393407,165.42301863917777,159.94858780651435,165.3754119873047,52874300
2020-04-15,68.29901107744294,69.2494877739681,67.87093564591146,68.78997039794922,131154400,112.88400268554688,116.66850280761719,112.25,115.38400268554688,137332000,61.858114536327975,63.27739110806091,61.237305503917405,62.39356994628906,42236000,162.99519027424256,165.2516172547934,161.12913194567304,163.64260864257812,40940800
2020-04-16,69.50343396347523,69.7017543891835,68.28691861079514,69.33655548095703,157125200,117.30000305175781,123.05000305175781,116.75,120.40950012207031,240764000,62.881880136039015,63.19054874433473,61.44573267770072,62.400020599365234,57896000,165.9466375037729,168.78381628806628,164.6137240916995,168.55531311035156,50479600
2020-04-17,68.8528327969187,69.39942057020734,66.95912787977822,68.3957290649414,215250000,118.61650085449219,120.0,115.8010025024414,118.75,158600000,63.60442205768856,64.01631085791675,62.825308968458316,63.470436096191406,51050000,170.8974039982127,171.37344133525505,167.44136828248293,170.04054260253906,52765600
2020-04-20,67.2227526734342,68.12485572619737,66.95671405142177,66.97605895996094,130015200,119.49749755859375,122.2490005493164,119.30249786376953,119.68049621582031,115414000,63.01835225673442,63.36225423770926,62.350894746468136,62.58462905883789,35292000,168.16497619786358,170.18337012056065,166.6035741104452,166.6702117919922,36669600
2020-04-21,66.81888874755303,67.05348554767438,64.19479234555389,64.90583801269531,180991600,120.83049774169922,121.41549682617188,113.98300170898438,116.40599822998047,149534000,61.66954105330568,62.031305781008385,59.798178772892086,60.15349578857422,49648000,165.18493720638514,165.34678813930984,158.149106744516,159.77716064453125,56203700
2020-04-22,66.17312073347611,67.21066785744529,65.832115915965,66.77533721923828,116862400,118.44999694824219,119.69999694824219,117.55000305175781,118.17449951171875,84244000,61.590139235921335,63.51410167305656,61.396105886699345,62.44865417480469,46296000,163.17607112940274,165.66098650812486,162.63339614169652,165.20399475097656,34620200
2020-04-23,66.71971058203668,68.14180153410112,66.47785858014103,66.51655578613281,124814400,119.9990005493164,121.21099853515625,119.10399627685547,119.97250366210938,101332000,62.81240358554889,63.92450330392023,62.553859038058,63.08186721801758,34202000,165.76573426475736,166.67020236608755,162.71909798935198,163.20465087890625,32790800
2020-04-24,67.04136830681426,68.44652764676574,66.99299496104605,68.43685150146484,126161200,120.8499984741211,121.02149963378906,119.0999984741211,120.51100158691406,76498000,62.27943458992633,63.40642126585509,61.73355982484232,63.35133743286133,37402000,163.81397530484196,166.19416212381853,162.5286831390991,166.1846466064453,34277600
2020-04-27,68.1539012595656,68.81658086164907,67.70648089449013,68.48524475097656,117087600,122.16000366210938,122.24400329589844,118.1500015258789,118.80000305175781,112912000,64.11555906230626,64.21977499252665,62.77866017804189,63.06648635864258,44186000,168.12688171023376,168.42202256727543,164.9945620799262,165.7086181640625,33194400
2020-04-28,68.94716776474043,69.12855677224428,67.28323213572467,67.37512969970703,112004800,118.6050033569336,118.67500305175781,115.30000305175781,115.7040023803711,105388000,63.678865309374004,63.75627571988888,61.05766763555547,61.16733932495117,80700000,167.1747734031397,167.25094111347252,161.27191386364734,161.67178344726562,34392700
2020-04-29,68.86253288111276,70.05728252965069,68.65937805652075,69.58808898925781,137280800,116.50050354003906,119.59449768066406,115.5,118.635498046875,91832000,66.74568488278513,67.49750400441403,65.83903737899195,66.60574340820312,108358000,164.9183938130075,169.1646391773293,163.64261710014011,168.92662048339844,51286600
2020-04-30,70.12739587868194,71.2326611643709,69.73801774571496,71.05610656738281,183064000,120.99199676513672,123.75,119.80049896240234,123.69999694824219,190692000,66.06880110856797,66.99381116559951,65.57949434545334,66.83004760742188,55842000,171.3734399674679,171.75426402305968,167.78411440711412,170.62130737304688,53875900
2020-05-01,69.23013833651491,72.31375148512824,69.13339900800005,69.91216278076172,240616800,116.83999633789062,118.12200164794922,112.90950012207031,114.302001953125,195452000,65.70801754388526,67.06477049960726,64.99193160873368,65.37205505371094,48872000,167.37473740415624,170.07862610171935,165.67051553295815,166.2036895751953,39370500
2020-05-04,69.93632692793965,71.02949501139257,69.24704744062551,70.90131378173828,133568000,112.81900024414062,116.3489990234375,112.81900024414062,115.79949951171875,97318000,64.91601469955403,65.72688930286978,64.31455634139917,65.64897155761719,30806000,166.12751167973556,170.42136314126972,165.47057784378438,170.26902770996094,30372900
2020-05-05,71.36085458478117,72.79745613687825,71.21574190038736,71.96548461914062,147751200,117.0,117.55000305175781,115.35649871826172,115.88999938964844,64850000,66.373490657721,68.03642470972898,66.25091977784771,66.9451675415039,39666000,171.96372550563353,174.84851064820512,171.2782305680416,172.09701538085938,36839200
2020-05-06,72.66685920210755,73.33920755337681,72.28231535832381,72.70797729492188,142333600,116.47200012207031,117.87249755859375,116.0,117.56300354003906,62356000,67.39081754771591,67.92130943867623,66.75214189978065,66.76702880859375,31732000,173.35374084140366,175.37213429721527,172.92531018696323,173.79168701171875,32139300
2020-05-07,73.33437600959047,73.80599044082199,73.0320609589904,73.46013641357422,115215200,118.73899841308594,118.80000305175781,117.15550231933594,118.38050079345703,67928000,67.55506663759755,68.28406319438015,67.1198555493269,67.95057678222656,30652000,175.34359359711726,175.70538662746563,173.82979832935465,174.80091857910156,28316000
2020-05-08,74.119757726088,75.26196230929314,73.79237217273885,75.20861053466797,133838400,118.60700225830078,119.36199951171875,117.8499984741211,118.98049926757812,64132000,68.57289006017024,69.3083306365863,68.08606692584334,68.69794464111328,33326000,176.11477265228294,176.1338182138458,174.57241629834766,175.8291473388672,30877800
2020-05-11,74.71632174778293,76.88675244657776,74.50776212066847,76.39204406738281,145946400,118.73500061035156,120.9834976196289,118.60549926757812,120.44999694824219,65184000,68.32327341716166,70.24574435202634,68.25925819267765,69.6532211303711,32718000,174.3724765562878,178.5235228546766,174.08686576655347,177.79043579101562,30892700
2020-05-12,77.07590910984447,77.52697546648025,75.39776671813026,75.5190200805664,162301200,120.59249877929688,120.94999694824219,117.75,117.84750366210938,61498000,69.88298191912625,70.18618717942246,68.21012061062113,68.24337005615234,33918000,177.84756178761603,178.0760504243352,173.56322551904262,173.76315307617188,32038200
2020-05-13,75.6984577813938,76.61998759486177,73.53044749592581,74.607177734375,200622400,118.33999633789062,120.38500213623047,116.88999938964844,118.39600372314453,95658000,68.2919940513972,68.74705936567139,65.90254715203265,66.91092681884766,40368000,173.80124922811217,175.2293613589471,168.07927065962855,171.13543701171875,44711500
2020-05-14,73.84571291244961,75.12614791139806,73.12304032792042,75.06552124023438,158929200,118.05049896240234,119.56849670410156,117.6604995727539,119.44249725341797,72962000,66.17598785756756,67.35954237194446,65.66881835817256,67.33423614501953,36660000,169.03134305352413,172.03038720290988,167.26048345491301,171.8780517578125,41873900
2020-05-15,72.83689630557373,74.66781911832467,72.80294181174233,74.62174224853516,166348400,118.4260025024414,120.55000305175781,117.81849670410156,120.48899841308594,84700000,66.90746177228863,68.21358719606583,66.44792885100179,68.1381607055664,41544000,170.47853649412016,178.09513601689562,168.5172644414072,174.38204956054688,46610400
2020-05-18,75.94584680828123,76.75339107895668,75.2547010482795,76.37992858886719,135178400,120.21749877929688,121.6500015258789,119.20050048828125,121.31300354003906,87144000,67.56847263256927,69.11577969209408,67.20223652116248,68.7396240234375,47094000,176.84785010837362,177.27628075629804,175.14364303240586,176.04811096191406,35264500
2020-05-19,76.39687900327164,77.24322494712233,75.90701817457786,75.93854522705078,101729600,121.49150085449219,124.25,121.44850158691406,122.46649932861328,86410000,68.7545048182942,69.10237078740617,68.17290078356297,68.20465850830078,31586000,176.16236643542155,177.65713056761624,174.6961779072391,174.8294677734375,26799100
2020-05-20,76.7970088377273,77.48572687771853,76.75820688327083,77.4154052734375,111504800,123.89350128173828,125.00050354003906,123.3635025024414,124.89700317382812,79962000,68.93712559506159,70.07205161178385,68.85078001844624,69.92962646484375,38262000,176.44296291219172,177.4358864095357,175.61235570357988,177.25448608398438,31261300
2020-05-21,77.27717806754521,77.8179706179206,76.60058237100931,76.83824157714844,102688800,125.0,126.27249908447266,122.12699890136719,122.33699798583984,102288000,70.02044390375272,70.29189145435492,69.19666631420762,69.8100357055664,30894000,177.0062391047125,178.218745508789,174.9917661551853,175.12542724609375,29119500
2020-05-22,76.57633494565745,77.41541342276373,76.47448628011443,77.33296203613281,81803200,122.75050354003906,123.49250030517578,121.50650024414062,121.84400177001953,57342000,69.66859460782679,70.31868143198587,69.27407644138323,70.13209533691406,28544000,174.89632314494972,176.10882969373282,174.27574227398085,175.2018280029297,20826900
2020-05-26,78.4509106181763,78.63036319231934,76.75336386600556,76.80914306640625,125522000,122.9000015258789,123.0999984741211,120.7030029296875,121.09300231933594,71364000,71.55732784975878,71.713647949531,70.43778849540769,70.5355453491211,44590000,177.9036889523315,178.05644865123975,172.9009326408034,173.3496551513672,36073600
2020-05-27,76.6660601761675,77.289296677021,75.92641041182232,77.14379119873047,112945200,120.24949645996094,120.67900085449219,116.5,120.51950073242188,101138000,70.46756561892757,70.73306143347727,69.20709277694024,70.48146057128906,31684000,172.04168637143127,173.75065470607606,168.60468023193414,173.57879638671875,39517100
2020-05-28,76.81885227689466,78.43637538186252,76.54239845998111,77.17776489257812,133560800,119.21649932861328,121.84850311279297,118.9114990234375,120.05500030517578,63804000,69.47506277315657,71.68139184261054,69.42941009442607,70.3802261352539,35170000,172.55722391368937,175.81282928367528,172.21352188845154,173.1873321533203,33810200
2020-05-29,77.42026804049199,77.88102931454405,76.74609967511876,77.10258483886719,153532400,120.7969970703125,122.11849975585938,119.91000366210938,122.11849975585938,70198000,70.48890171815204,71.29779236800545,70.26807420727738,71.13849639892578,37044000,174.45712104187402,175.92740760351523,172.2421637494854,174.95358276367188,42130400
2020-06-01,77.05650985276371,78.17204223872224,76.92555415248881,78.05078887939453,80791200,122.4000015258789,123.84649658203125,122.20850372314453,123.552001953125,58578000,70.75042473296631,71.53846911353084,70.58070188273932,71.20548248291016,25162000,174.27571828325208,174.71489875560292,173.24462678253732,174.55259704589844,22622400
2020-06-02,77.78401795906733,78.43636152325215,77.34265402331467,78.412109375,87642800,123.3499984741211,123.67649841308594,122.2655029296875,123.62049865722656,50598000,71.21193893289512,71.60894080375162,70.54745734497106,71.57469940185547,23442000,175.90829885506685,176.62434349084052,173.13959875726144,176.53842163085938,30794600
2020-06-03,78.73222950297175,79.10569190926654,78.15990981793529,78.84378051757812,104491200,123.40049743652344,124.4000015258789,123.05850219726562,123.91999816894531,53420000,71.59406623087197,71.90719868035602,71.04421979441429,71.42285919189453,27732000,176.45247193161143,177.52176042391403,175.26860640944562,176.968017578125,27311000
2020-06-04,78.66674739088378,78.96502587807994,77.79129440641832,78.16475677490234,87560400,123.87149810791016,125.37699890136719,122.50050354003906,123.02999877929688,58974000,71.30027160879436,71.52557428848117,69.77331097931382,70.18470001220703,26982000,175.95609226076186,177.42636462239412,174.0466393107112,174.63856506347656,28761800
2020-06-05,78.41454770677157,80.45160263084539,78.38544808511186,80.39097595214844,137250400,122.22550201416016,124.43250274658203,121.85649871826172,124.1500015258789,66128000,70.25119166858796,71.77270017081518,69.85319786526418,71.46105194091797,42642000,174.35211372363253,179.2307657407467,173.7697300929723,178.72476196289062,39893600
2020-06-08,80.0878276354404,80.90022645874406,79.37728486968395,80.86627197265625,95654400,125.01000213623047,126.5,124.36699676513672,126.2030029296875,79414000,70.77922358542683,71.9066987928055,70.68989455246145,71.85906219482422,33878000,177.5217788699759,180.0136146509684,176.08968967556558,179.83221435546875,33211600
2020-06-09,80.54617766782322,83.81273576255528,80.51465061318699,83.41987609863281,147712400,126.47200012207031,131.32150268554688,126.25,130.04299926757812,103520000,71.72011676724603,72.83965639195488,71.57719182073723,72.0595474243164,33624000,179.4885514465179,182.06630964412432,178.78204871231318,181.20706176757812,29783900
2020-06-10,84.36807171758845,86.0340914097843,83.92913522287401,85.56605529785156,166651600,132.25,136.11749267578125,131.31300354003906,132.37249755859375,98920000,72.52750225479329,73.08627622015612,72.17268498934844,72.68580627441406,31762000,182.4768502186777,189.53227729601076,182.36227315153855,187.92832946777344,43872300
2020-06-11,84.71001596343379,85.13440269433788,81.35615151209016,81.45800018310547,201662400,130.1750030517578,133.56900024414062,126.8115005493164,127.89800262451172,116002000,71.51117640380802,72.03571651726546,69.39616027535422,69.56935119628906,47144000,184.38632279229915,186.89724343381124,177.64595642850398,177.83689880371094,52854700
2020-06-12,83.59691311681682,84.34383052506377,81.05059266944424,82.16127014160156,200146000,130.0605010986328,131.07400512695312,125.1675033569336,127.2509994506836,108722000,70.75838529086602,71.1876447735138,68.77040707999794,70.11624145507812,36676000,181.91350153065602,183.04008588446823,176.79616914064553,179.2402801513672,43373600
2020-06-15,80.81536275804567,83.82971944873768,80.65288000271148,83.17737579345703,138808800,126.33000183105469,129.1999969482422,125.4000015258789,128.63400268554688,77302000,68.95350509114319,70.71568786340231,68.8398618016423,70.50428771972656,30468000,176.2233493361623,182.18084558154598,175.67914845403254,180.38595581054688,32770200
2020-06-16,85.2313990507297,85.65336572310193,83.59690633112962,85.38175201416016,165428800,131.0,131.0,128.8000030517578,130.7635040283203,71712000,71.9066975960279,72.31213493878118,70.9137043603736,71.7811508178711,30648000,184.15715975098976,186.72537588920386,182.79190810253792,184.80638122558594,42556700
2020-06-17,86.12627051781024,86.18689720512403,85.14169370789197,85.26294708251953,114406400,132.375,132.75,131.59100341796875,132.0489959716797,59186000,72.1022135717086,72.56173892847367,71.21838864270325,72.08235931396484,30610000,186.20030294353958,187.43190825230045,184.92097296548414,185.44607543945312,25687800
2020-06-18,85.21928633315488,85.71400210817573,84.68819603071728,85.29689025878906,96820400,132.35049438476562,132.98199462890625,131.8054962158203,132.69900512695312,49756000,71.94888266167098,72.10371106870679,70.77723135590205,71.16828155517578,34862000,185.21689755377494,187.59417122560848,185.21689755377494,187.43186950683594,23061600
2020-06-19,86.00256905688693,86.46817771918761,83.7011757246082,84.80943298339844,264476000,133.9040069580078,134.8715057373047,132.9499969482422,133.75050354003906,115540000,71.4600764031913,71.68338762751483,70.41794726010522,70.69783782958984,52784000,189.59904886678765,190.2673542096739,185.57010364086273,186.31478881835938,44441100
2020-06-22,85.20230612758097,87.17145941767127,85.15622926088085,87.02838134765625,135445200,134.22500610351562,135.75,133.4499969482422,135.6909942626953,64176000,70.71618350159525,72.00345416311006,70.42736539823349,71.98905944824219,29442000,186.92586606992526,191.67085720535485,186.39122164361794,191.48947143554688,32818900
2020-06-23,88.27242947914962,90.30463659467983,87.85289026819137,88.88597106933594,212155600,136.30099487304688,139.15550231933594,135.90199279785156,138.2205047607422,84634000,72.05556312633793,73.20686779381253,71.70818932914503,72.65007019042969,37752000,192.94062730432893,194.7164187390897,192.31050447342133,192.76878356933594,30917400
2020-06-24,88.51494690487205,89.43404938466047,86.94350079967253,87.31696319580078,192623200,139.0,139.8000030517578,136.0500030517578,136.72000122070312,90532000,72.61533435670397,73.23613958578959,70.96381147221909,71.0978012084961,31592000,192.47286811969934,194.0481610166315,187.66103840432322,188.88308715820312,36740600
2020-06-25,87.47215391548303,88.51492957761795,86.71310689690837,88.47612762451172,137522400,136.9774932861328,137.81149291992188,135.60699462890625,137.72900390625,59374000,71.02435732770277,71.5751956563901,70.44473713789317,71.51465606689453,23958000,188.84486850692002,191.52764712810412,186.62035443908522,191.26986694335938,27803900
2020-06-26,88.3718744192934,88.5925564218204,85.60971933565048,85.75765228271484,205256800,138.7530059814453,139.1284942626953,134.39999389648438,134.64349365234375,130016000,71.09433269950638,71.31218435810231,67.24193998415596,67.6161117553711,97640000,190.68748519306817,190.8402449016847,186.05707124837497,187.44142150878906,54675800
2020-06-29,85.66548060946923,87.82864334784087,85.18774217670837,87.73406219482422,130646000,134.50050354003906,134.83999633789062,131.50399780273438,134.0189971923828,84468000,67.50693541130255,69.37581791051717,67.07569211299183,69.33462524414062,45074000,186.91631141951098,189.5418087103916,184.78727587720945,189.4558868408203,26701600
2020-06-30,87.32182147239291,88.75261712274803,87.30242419000004,88.4664535522461,140223200,134.2534942626953,138.48150634765625,133.75149536132812,137.9409942626953,75394000,69.32023932105565,70.66606584717748,68.82646494071054,70.37079620361328,40286000,188.92124186608368,195.1460467529927,188.78758076895292,194.2963409423828,34310300
2020-07-01,88.54405984735594,89.08727257747864,88.25062876375057,88.29912567138672,110737200,137.89950561523438,144.75,137.6999969482422,143.93499755859375,127268000,70.42637638438264,71.88088628212557,70.17874335966512,71.55931091308594,42182000,193.9430939489472,197.00777168624572,192.6351236205007,195.43246459960938,32061200
2020-07-02,89.20610591273177,89.84147238829708,88.18515460811848,88.29912567138672,114041600,145.60049438476562,147.7779998779297,143.55499267578125,144.51499938964844,131868000,72.04763818332158,73.86788472318719,72.00942138081768,72.94535064697266,57218000,196.36808625569842,198.6021567312865,195.7188794044441,196.9218292236328,29315800
2020-07-06,89.72748052152446,91.12916897526445,89.6959534658751,90.6611328125,118655600,146.74850463867188,152.99400329589844,146.5,152.8520050048828,137612000,73.84951911840722,74.93382524567807,73.2952051310002,74.42020416259766,44712000,199.37547900173317,201.5713522293772,198.66897635187513,201.1608123779297,31897600
2020-07-07,91.03943260618246,91.81787696805416,90.26826314860052,90.37981414794922,112424400,152.92750549316406,153.4774932861328,149.5,150.00599670410156,105150000,74.24552002438814,75.49557348396944,73.9264283274638,73.93734741210938,42364000,200.92217255815737,204.95111922366993,198.573553718546,198.82177734375,33600700
2020-07-08,91.3571096058866,92.51629114915804,91.26980335957539,92.4847640991211,117092000,151.1304931640625,154.19850158691406,150.6215057373047,154.0554962158203,100752000,74.47727666073511,74.99188970628182,74.05546070282946,74.61622619628906,31766000,200.55938779250462,203.60495286179227,199.24186065965517,203.19442749023438,33600000
2020-07-09,93.37721573714495,93.43056751509404,91.83487644851928,92.88250732421875,125642800,155.79949951171875,159.69400024414062,153.6999969482422,159.13150024414062,127774000,74.93034396940267,75.88364370968078,74.21872553346911,75.36357116699219,41836000,206.53593793805533,206.58367716565738,201.8959676336942,204.616943359375,33121700
2020-07-10,92.47749528608121,93.10316665691907,91.86638112451729,93.04496002197266,90257200,159.58799743652344,160.75,156.78500366210938,160.0,109720000,75.09510790320913,76.48907845135179,74.47331060985266,76.37345123291016,35918000,203.94864443444519,204.3878249787219,201.52364584152227,203.9963836669922,26177600
2020-07-13,94.34965940036575,96.9590339515966,92.40233082748179,92.61573791503906,191649200,162.55299377441406,167.21449279785156,153.41949462890625,155.1999969482422,154408000,76.91583772886165,78.22693046477697,74.76310472112803,75.04447937011719,42954000,204.7696857402396,206.02993140575356,197.1509742058901,197.69517517089844,38135600
2020-07-14,91.99734332779671,94.33995906948405,91.063698400921,94.14838409423828,170989200,154.4499969482422,156.36900329589844,147.5,154.1999969482422,144638000,74.07977692160784,75.56902051449428,73.73934679927795,75.47274780273438,38108000,196.7977427138655,199.39459949227412,192.88335894065565,198.917236328125,37591800
2020-07-15,96.02294350650172,96.27272509234513,93.59787669220981,94.79586029052734,153198000,154.01150512695312,154.91749572753906,148.65899658203125,150.44349670410156,115778000,75.59036199992138,76.24044892666795,74.32988909406994,75.2752456665039,31026000,200.07244971421295,201.76231941702616,195.7475405543772,198.6212615966797,32179400
2020-07-16,93.66821174965895,94.4854581347257,93.03041795220673,93.62940979003906,110577600,148.55299377441406,151.60000610351562,145.9114990234375,149.9949951171875,127884000,74.51200517404082,75.2271068276227,73.85546677030331,75.177978515625,26484000,196.1007500560566,196.38717082147522,193.15064967856486,194.68775939941406,29940700
2020-07-17,94.08047543961847,94.23567587629981,92.96736319511449,93.44025421142578,92186800,150.4499969482422,151.1999969482422,147.42250061035156,148.09849548339844,95226000,75.2767261723641,75.60028547250893,74.34328068659873,75.27375030517578,34264000,195.21286588719,195.75705224196673,192.27230746400602,193.69485473632812,31635300
2020-07-20,93.527561622358,95.54763916358735,93.18319885433614,95.40940856933594,90318000,150.00999450683594,160.0679931640625,149.7010040283203,159.8419952392578,151964000,75.18194791342034,77.86219724741542,74.5715619416608,77.60563659667969,30166000,195.71889626461106,202.6884013378712,193.81898563689114,202.0200958251953,36884800
2020-07-21,96.19995833897589,96.27513480432255,93.84279353338049,94.09257507324219,103433200,161.62449645996094,162.0290069580078,155.28599548339844,156.9145050048828,122426000,78.65719115591367,78.75743169114544,77.04883714436846,77.21260070800781,27486000,203.98685897529614,204.25418121870496,198.6117443428135,199.2991485595703,37990400
2020-07-22,93.79430867429807,95.0383691628231,93.70700981931506,94.35692596435547,89001600,156.25,157.5,153.26300048828125,154.99549865722656,82084000,77.20218043875396,77.76145416596226,76.58285931506369,77.65575408935547,24482000,199.7287445152915,202.68840195351845,198.9554185219914,202.16329956054688,49605700
2020-07-23,94.09018221266099,94.16778614112043,89.25217747144076,90.06214904785156,197004400,154.9134979248047,154.9134979248047,148.5,149.32749938964844,113138000,77.70935851205581,77.92870190735229,74.86385368041677,75.268798828125,33910000,197.80974046340648,201.37086541200424,192.99791184978267,193.37025451660156,67457000
2020-07-24,88.26032136137546,90.18339782375423,86.47304066581674,89.83903503417969,185438800,146.5,151.57899475097656,144.39999389648438,150.44549560546875,112648000,74.39737164643127,75.2032788343059,73.82171932813185,74.84498596191406,29902000,191.34623758651531,193.6757720198578,188.56798064012895,192.1864013671875,39827000
2020-07-27,90.90121836821325,92.06040019801185,90.67811632940159,91.96824645996094,121214000,153.10000610351562,154.89999389648438,150.7884979248047,152.760498046875,83410000,75.09560906269758,76.30149420568685,75.04945661282869,75.89804077148438,27124000,192.34868815060753,194.7355036440454,191.76630458749005,194.62094116210938,30160900
2020-07-28,91.53900580557185,91.71603836365466,90.45257310797918,90.45742797851562,103625600,152.7135009765625,153.85450744628906,149.78799438476562,150.01649475097656,62534000,75.67819779262315,75.7283180610167,74.46337759336177,74.61870574951172,30910000,194.39180574531326,195.43245382616968,192.6064723801774,192.87379455566406,23251400
2020-07-29,90.94000226618061,92.3756450249379,90.90362774541741,92.19133758544922,90329200,151.54949951171875,151.95799255371094,149.8385009765625,151.67649841308594,59482000,74.68569706970071,76.0915709811105,74.58694068015295,75.60425567626953,22676000,193.33208613207415,195.38474196011637,192.86426497548362,194.8214569091797,19632600
2020-07-30,91.36441110716558,93.41116851340877,90.9570015743531,93.30689239501953,158130000,150.6999969482422,154.60000610351562,150.25,152.593994140625,122566000,74.33683382646932,76.46674464281898,74.19788429386662,76.34169006347656,36042000,191.9000005238427,195.203360176597,190.53474880627297,194.668701171875,25079600
2020-07-31,99.80120250061277,103.2253956841153,97.80294239807122,103.07504272460938,374336800,162.1999969482422,162.34100341796875,157.5500030517578,158.23399353027344,161710000,74.2911740746664,74.68668422705532,72.1548119628586,73.83958435058594,91468000,195.14605568804103,195.81437577226183,190.00008136094036,195.7284393310547,51044000
2020-08-03,104.95689689079155,108.2913640186851,104.6586183859917,105.67229461669922,308151200,159.02549743652344,159.1999969482422,155.1999969482422,155.59449768066406,101494000,73.9909441597244,74.32491519567483,73.03416882186066,73.58203125,45482000,201.94367449086732,207.78659372719184,200.91256852540454,206.73638916015625,78983000
2020-08-04,105.86144267124749,107.46926317333123,105.13877008729901,106.37798309326172,173071600,155.0605010986328,158.36199951171875,155.0605010986328,156.94149780273438,93886000,73.77806059086923,74.0956606075538,72.65256179297857,73.11258697509766,37212000,204.47372396192068,205.0465655524078,200.78847996863612,203.63356018066406,49280100
2020-08-05,106.09909913352544,107.08367565483033,105.63348305512756,106.76356506347656,121776800,157.18850708007812,160.67950439453125,156.36500549316406,160.25149536132812,78330000,73.28726620357594,73.94132093873706,73.00935957632822,73.39990997314453,29134000,205.17069403055774,205.26617249611542,201.99146799263949,203.2994384765625,28806400
2020-08-06,107.09580568303383,110.98318771588607,106.50651618913851,110.48847198486328,202428800,159.71800231933594,162.37350463867188,158.27149963378906,161.25,78812000,73.25400858814031,74.74871158432148,73.0431006448764,74.6832046508789,33306000,202.72659168573307,206.57413774919098,201.9723642716124,206.5550537109375,32656800
2020-08-07,110.009872310896,110.46660808616394,107.17957700537667,107.97643280029297,198045600,161.20050048828125,162.04049682617188,157.0334930419922,158.3730010986328,78722000,74.88618172279968,75.4345363524977,73.7562154445595,74.35668182373047,27718000,205.12295603956986,205.93446467221509,201.38041603878312,202.86024475097656,27820400
2020-08-10,109.42193363794506,110.56377296029083,106.8953185016276,109.54583740234375,212403600,158.5155029296875,158.62550354003906,155.0760040283203,157.4080047607422,63346000,73.98102461614714,74.79239144853135,73.32051078592585,74.27976989746094,20546000,202.08693995821375,202.2874389167021,197.00780296948204,198.82177734375,36716500
2020-08-11,108.80973853697522,109.30777067354109,106.02802731765381,106.28797912597656,187902400,155.66000366210938,157.96099853515625,153.64999389648438,154.0334930419922,74362000,74.13982012855085,74.95566211247646,73.35525125440243,73.47187042236328,31098000,197.78115211742505,198.2489587951998,193.94314737486326,194.1722869873047,36446500
2020-08-12,107.37878264931382,110.07789350159867,107.18443047564186,109.82037353515625,165598000,155.39999389648438,158.71949768066406,155.0709991455078,158.11199951171875,70442000,73.79839948066032,75.01669524033613,73.69319159902035,74.7968521118164,22512000,195.99576625273997,200.7598559902992,195.48022043293267,199.71920776367188,28013100
2020-08-13,111.20029955907641,112.76729092425326,110.7119798713676,111.76393127441406,210082000,159.14950561523438,160.87600708007812,157.75,158.05099487304688,62980000,74.84499197246967,76.27221184265196,74.84499197246967,75.26382446289062,22388000,199.95787598824566,201.7814066937135,198.72627091928837,199.25137329101562,22588900
2020-08-14,111.58902512127496,111.75422524008118,109.85440163162504,111.66433715820312,165565200,158.90899658203125,158.91200256347656,156.0,157.4010009765625,55034000,75.11295828752513,75.41964675043614,74.38793712938963,74.66732788085938,21942000,199.30872166994575,200.1011465036502,198.11531340857854,199.4423828125,17958900
2020-08-17,112.78670751853602,112.81100339176658,110.74598020618218,111.37277221679688,119561600,158.656005859375,159.74850463867188,157.70899963378906,159.12049865722656,53824000,75.23008930724868,75.6176638667911,74.68570243226462,75.24348449707031,19990000,200.110650247621,201.62866165888732,199.46142874953955,200.75985717773438,20184800
2020-08-18,111.12498689269856,112.72598654466942,110.78972307405309,112.30083465576172,105633600,160.60000610351562,166.0,160.29100036621094,165.62449645996094,106920000,75.73377735195302,77.28456008844866,75.51294982781033,77.20565795898438,28378000,200.99848035746055,202.74563083115132,199.73824950782563,201.91502380371094,21336200
2020-08-19,112.70897411610314,113.8556697465018,112.34699003787868,112.44173431396484,145538000,165.15049743652344,165.7949981689453,162.8000030517578,163.0240020751953,83702000,77.04238688913141,77.85475322202173,76.42257355605528,76.6513442993164,30472000,202.4031936048161,202.98698512417485,200.25943147075444,200.69009399414062,27627600
2020-08-20,112.48305495531345,115.05097442556867,112.46604709851567,114.9367904663086,126907200,162.60000610351562,165.63099670410156,161.89999389648438,164.86849975585938,66650000,76.42108162701231,78.41601066185866,76.14765015883633,78.22148132324219,26382000,200.536951765105,205.76236523317155,199.93403011342397,205.36041259765625,26981500
2020-08-21,115.89639872088485,121.34320488803218,115.88425449002158,120.85974884033203,338054800,164.75,165.72000122070312,163.76950073242188,164.23599243164062,71518000,78.00064306227968,78.99711936961243,77.52970640732595,78.18773651123047,34838000,204.67133687280338,206.95864805211912,203.70473757719722,203.867431640625,36249300
2020-08-24,125.06510696520752,125.15014624205317,120.4394596328143,122.30526733398438,345937600,165.50750732421875,169.01600646972656,162.8780059814453,165.3730010986328,93326000,79.02639966986824,79.83579016442737,78.16143693431773,78.66314697265625,25638000,205.56134997446563,206.2599953887606,203.30274889169465,204.5086212158203,25460100
2020-08-25,121.1780064067377,121.64688641801345,119.57943117585931,121.3019027709961,211495600,164.74949645996094,167.8699951171875,163.35000610351562,167.32449340820312,79856000,78.41254041856305,79.84075235572115,78.30237274468207,79.69039154052734,25150000,203.9439889498141,207.303173653771,203.9439889498141,207.169189453125,23043700
2020-08-26,122.61866792136692,123.40823574071352,121.5521404466388,122.95149993896484,163022400,167.5554962158203,172.58700561523438,167.22850036621094,172.09249877929688,130174000,79.71270905754783,82.01977833827368,79.44870497954882,81.59001922607422,52188000,208.51859553778127,212.54770094335123,208.02093371412965,211.64808654785156,39600800
2020-08-27,123.55399319873169,123.88682518833696,120.33741060365348,121.48168182373047,155552400,172.50250244140625,172.64999389648438,168.89999389648438,170.0,85296000,81.71308857092342,81.78157137153234,80.33351300226576,80.81537628173828,31350000,213.313329440823,221.21842583025713,209.97327518288324,216.84478759765625,57602200
2020-08-28,122.45590402911932,122.87376795038361,121.06140802616056,121.28491973876953,187630000,171.14999389648438,171.6685028076172,169.3249969482422,170.08999633789062,57940000,80.86252964148268,81.45206939327979,80.67097616967305,81.3567886352539,22418000,218.37607674576404,220.73038751877678,216.84483064743944,219.07472229003906,26292900
2020-08-31,123.97917986697699,127.302651900579,122.44377205704545,125.39796447753906,225702700,170.44949340820312,174.75,170.25,172.54800415039062,83718000,81.56223291953953,81.60838536257283,80.65707712251383,80.8655014038086,26422000,217.24676147372583,218.8737166786634,214.67233716204333,215.8399200439453,28774200
2020-09-01,129.01293310588505,130.99536378403553,126.84587750534726,130.39285278320312,151948100,174.47900390625,175.69349670410156,173.35000610351562,174.95599365234375,68644000,80.99602062020955,82.33887127868402,80.86550650072458,82.1334228515625,22652000,215.82076800431622,217.67741660984777,214.78716935990127,217.50515747070312,25725500
2020-09-02,133.70663231996068,134.0856242989173,123.41552988295788,127.69133758544922,200119000,177.35000610351562,177.6125030517578,174.33450317382812,176.57249450683594,78630000,82.77506893604762,85.65779065315286,82.38700223432284,85.22555541992188,49522000,218.17505166750306,222.85494754756553,217.58169523463175,221.69692993164062,34080800
2020-09-03,123.32808431407489,125.2036047031375,117.09899717135521,117.46826934814453,257599600,174.25,174.42050170898438,165.14999389648438,168.39999389648438,163222000,84.33876290318153,84.36258498681123,79.7826871845487,80.86451721191406,63726000,219.4192640650184,219.4575390126665,205.7241051930909,207.96356201171875,58400300
2020-09-04,116.6811253406317,120.20866898674423,107.76022279247066,117.54600524902344,332607200,165.89999389648438,169.0749969482422,155.55650329589844,164.7310028076172,175636000,79.84670453576004,81.13645913479783,76.3218387159225,78.4676284790039,55850000,205.8580711279521,208.97799749718706,196.37385829268598,205.04458618164062,59664100
2020-09-08,110.73386155128658,115.63161300846177,109.49970941253935,109.63575744628906,231366600,157.1999969482422,162.54249572753906,156.5,157.49200439453125,121884000,75.67820126859465,77.19424291181993,75.25638531461833,75.60872650146484,54032000,197.62756836074408,201.00589802209439,193.51231825390303,193.9525604248047,52924300
2020-09-09,113.95041623071373,115.77735180667162,112.00686490622496,114.00872039794922,176940500,160.14950561523438,165.15899658203125,159.25,163.4304962158203,103774000,76.8642343918004,77.35154968410572,75.68663149054102,76.78136444091797,39242000,198.6803023452128,205.60922048804156,197.81896281811265,202.2117462158203,45679000
2020-09-10,116.96292102510625,117.09896902670127,109.32476361414018,110.28681945800781,182274400,165.36099243164062,167.4945068359375,158.52749633789062,158.7554931640625,106614000,76.92775032379502,78.0929423126136,75.43006388983795,75.73029327392578,33024000,204.23112734952392,205.5135644951598,195.3402845371443,196.546142578125,35461500
2020-09-11,111.33635359603639,111.97772918558881,106.89533846718923,108.8388900756836,180860300,160.4344940185547,160.86700439453125,154.19900512695312,155.81100463867188,101880000,75.83451909086573,76.35805971799056,74.09119089442812,75.21966552734375,30706000,198.29748380280336,199.666050305795,192.59356813467994,195.26368713378906,33620100
2020-09-14,111.48210621661043,112.65795388939479,109.61629870677376,112.10404205322266,140150100,158.64700317382812,159.3695068359375,154.8000030517578,155.14849853515625,90592000,76.00819769874438,77.26619442098949,74.69115310887393,74.8757553100586,42660000,195.46466811301522,200.21154951496803,195.2636845078276,196.5843963623047,30375800
2020-09-15,114.99022398928534,115.47611185461919,110.40344135428404,112.27896881103516,184642000,156.80799865722656,158.75100708007812,155.4459991455078,157.80650329589844,80430000,75.82161195068608,76.96794929706259,75.53428554034802,76.1803970336914,23042000,199.46505269850272,200.76661970645307,198.03906657996282,199.80958557128906,21823900
2020-09-16,111.97772849620063,112.72599259867744,108.8777613272375,108.96521759033203,154679000,158.99949645996094,159.36199951171875,153.70750427246094,153.90499877929688,90244000,76.54564251599456,77.1356820188287,75.01272258332794,75.03753662109375,22128000,201.57055680650535,201.5992666668537,195.84749586051157,196.23988342285156,26328100
2020-09-17,106.62324227263575,109.03324211177724,105.64174663584149,107.22573852539062,178011000,150.46249389648438,151.47149658203125,148.62750244140625,150.43649291992188,128982000,73.73338661244166,74.37107027229393,72.57464602616677,73.79442596435547,40008000,191.45471481145282,195.55082045095958,191.368585229138,194.19183349609375,34011300
2020-09-18,107.2840271982426,107.75047533208858,103.0956693411613,103.82450103759766,287104900,151.58700561523438,151.88999938964844,145.27699279785156,147.74549865722656,177852000,73.85695079374413,74.19936479452035,71.04420378135279,72.0103988647461,63056000,194.08653090763448,194.9000011831459,187.8179542280491,191.7800750732422,55225300
2020-09-21,101.58943734580029,107.07997179185173,100.19007789948417,106.97307586669922,195713800,145.3249969482422,148.10000610351562,143.5500030517578,148.02349853515625,122358000,71.04420674157839,71.46303920509229,69.6080593619409,70.97076416015625,56908000,188.71756826877157,194.0004009186753,187.94237293600173,193.8376922607422,39839700
2020-09-22,109.49968334608216,109.67460326412942,106.07903623256472,108.65423583984375,183055400,151.69200134277344,156.69949340820312,150.00999450683594,156.44949340820312,138976000,71.97220517706418,72.64958987142754,70.93901121787594,72.44364166259766,33950000,196.24942489391904,199.15881695339687,193.39746715141118,198.50802612304688,33517100
2020-09-23,108.46962532813541,108.94579342871626,103.75650642522785,104.09663391113281,150718700,156.02149963378906,156.35000610351562,149.61900329589844,149.9929962158203,113054000,72.06002372533587,72.10915203002553,69.60805336058911,69.94103240966797,37726000,198.9674304234803,199.15884897112178,191.43557495506792,191.9715118408203,30803800
2020-09-24,102.20166152378793,107.1382844839182,102.03646141325542,105.16558074951172,167743300,148.88949584960938,153.46499633789062,148.25,150.989501953125,110588000,69.608060937413,71.3603166157109,69.58175518077466,70.60948944091797,34552000,191.26330217598013,196.73753929637155,190.64122114678156,194.4597930908203,31202500
2020-09-25,105.3696347481307,109.26645720727126,104.63108317313285,109.11096954345703,149981400,152.7429962158203,155.07699584960938,149.9499969482422,154.75650024414062,92304000,70.7181666964046,71.75482846616116,69.85617998146562,71.41341400146484,30326000,194.80432871596318,200.05843751591576,193.83771475654646,198.890869140625,29437300
2020-09-28,111.76393141391246,112.06517952480382,109.59686822281799,111.71533966064453,137672400,157.4425048828125,158.7519989013672,155.85850524902344,158.70249938964844,84484000,73.04757600974902,73.09719651380165,71.77171646612977,72.38607025146484,30784000,201.8193699412056,203.43676002099645,199.12052657898317,200.4412384033203,32004900
2020-09-29,111.31691932127065,112.0554635809669,110.36457578821059,110.8698959350586,99382200,158.76950073242188,159.41299438476562,156.6269989013672,157.24400329589844,69916000,72.64660413596586,73.0480660321558,72.15481369174223,72.75131225585938,31816000,200.355116762719,201.04418255893373,197.92424170296624,198.3549041748047,24221900
2020-09-30,110.57837499064281,113.95043838034034,110.41317487532415,112.5413589477539,142675200,157.0570068359375,160.6439971923828,156.69949340820312,157.43649291992188,97922000,72.49920672624663,73.7527357851772,72.24215391271358,72.73046112060547,40924000,198.80470457764105,202.8720998110342,197.66583157578174,201.29299926757812,33829100
2020-10-01,114.31969839365316,114.3974422328623,112.56078666239473,113.49369049072266,116120400,160.39999389648438,161.1999969482422,158.60000610351562,161.06300354003906,99438000,73.62670420280419,74.1929292635369,73.286274040048,73.83711242675781,32884000,204.31725660536154,204.79577375217923,202.24049394055493,203.33151245117188,27158400
2020-10-02,109.70377282438155,112.1137801442832,109.05268479784137,109.8301010131836,144712000,157.68150329589844,159.7899932861328,156.14999389648438,156.25,112262000,72.43419600433289,73.39692299375919,71.82480208695794,72.23420715332031,31222000,199.06311643094566,201.92465398678647,196.7088058400637,197.3308868408203,33154800
2020-10-05,110.6949727988638,113.35763612296132,110.34513295609943,113.21186828613281,106243800,157.29200744628906,160.12649536132812,157.04249572753906,159.9600067138672,75506000,72.58407414754559,73.67830733435456,72.45703566376906,73.58551025390625,21602000,198.3166494452693,201.36959120849284,198.08695595539203,201.34088134765625,21331600
2020-10-06,112.43445227836398,112.84260373156758,109.08182887759448,109.96614837646484,161498200,158.25,159.10000610351562,154.5,154.9980010986328,101738000,73.22176300740041,73.6693773856631,71.70869722745235,72.00694274902344,26096000,199.8479159114992,201.14946858196694,196.01977858936587,197.0629425048828,28554300
2020-10-07,111.3849238034784,112.288675423152,110.9087484133937,111.83193969726562,96849000,156.75,160.0,156.6195068359375,159.7845001220703,86188000,72.41833989136256,72.89771962545413,71.12411759099831,72.40990447998047,36108000,198.16350993375156,201.08246732374164,197.8381217927517,200.8144989013672,25681100
2020-10-08,112.96894671554469,113.1147145812158,111.35579518649142,111.7250747680664,83477200,161.24949645996094,161.6645050048828,158.74949645996094,159.52749633789062,63482000,72.72301980086279,73.8435511132823,72.72301980086279,73.61528015136719,26076000,201.46527293243025,202.11606381034258,199.3693802101008,201.5322723388672,19925800
2020-10-09,112.02630624423392,113.69776170512303,111.67646638432409,113.66860961914062,100506900,160.5,164.44949340820312,159.89149475097656,164.33250427246094,98158000,74.0832554711946,75.02563627135926,73.79245338326162,74.95616149902344,32966000,202.1543334169171,206.5854065113337,202.1543334169171,206.5375518798828,26458000
2020-10-12,116.67139028698064,121.64688463034302,115.91340641347355,120.88890075683594,240226800,167.4969940185547,174.81199645996094,166.9774932861328,172.14649963378906,167284000,76.32331696836458,78.82540773717346,75.89157394902875,77.6428451538086,55344000,209.38951492760037,214.24168553354386,207.494591221442,211.8873748779297,40461400
2020-10-13,121.73432451286128,121.85094025235455,116.27295045929802,117.68202209472656,262330500,173.39950561523438,174.61900329589844,171.21099853515625,172.18150329589844,114894000,78.2592048255547,78.6636502086918,77.34709764690986,77.76593017578125,39072000,213.15066849960917,215.53368902999108,210.95905189784642,213.28465270996094,28950800
2020-10-14,117.58486859235376,119.5575722262898,116.2438206939987,117.7695083618164,150712000,172.35000610351562,173.24400329589844,167.0,168.1855010986328,116254000,78.13959902321865,78.59862463075144,76.71535508565292,77.58577728271484,33174000,213.41861215766087,214.58619497090353,209.71489472731523,211.3705596923828,23421700
2020-10-15,115.36923056556877,117.77923053145645,114.81531862538753,117.30306243896484,112559200,164.60049438476562,167.79400634765625,164.0,166.9324951171875,104468000,76.6458902262155,77.98080531787049,76.47865858893644,77.19027709960938,31210000,207.77211713637485,210.8920431681378,206.72893882786133,210.2221221923828,22733100
2020-10-16,117.85695893134891,118.11934252939484,115.45667170048786,115.6607437133789,115393800,168.1614990234375,169.98300170898438,158.0,163.635498046875,129488000,77.50587839375657,78.2939227856747,77.29894584633858,77.79718017578125,34194000,210.69105957382027,212.73911204437525,209.8967340903278,210.2221221923828,26057900
2020-10-19,116.57421378889114,117.02122972774796,112.39558266615455,112.70655059814453,120639300,164.98049926757812,166.4499969482422,159.63699340820312,160.36050415039062,104472000,78.20560677367027,78.60260869103162,75.57498539804158,75.92384338378906,29734000,210.94946260728395,212.74869145685682,204.5373368136033,205.01585388183594,27625800
2020-10-20,112.9203357688391,115.62187849993559,112.36642390465587,114.19336700439453,124423700,161.11399841308594,163.3000030517578,159.60049438476562,160.85049438476562,90194000,75.58441610200431,78.10189404898057,75.45489392732365,76.97242736816406,41670000,206.52799684584008,208.03053304487474,203.93442756808835,205.42739868164062,22753500
2020-10-21,113.37706680716391,115.35949008406753,113.16327497131253,113.57142639160156,89946000,160.625,161.69400024414062,158.0,159.2469940185547,91854000,77.90388645043627,80.1514084583867,77.76940450098931,78.704833984375,60322000,203.96314342538997,207.59987665183556,203.96314342538997,205.5709686279297,22724900
2020-10-22,114.13506335968486,114.70841493004065,111.35578401227829,112.48304748535156,101988000,159.49349975585938,159.9375,156.0970001220703,158.82000732421875,84240000,78.65569689727067,80.06603832391136,78.28251710135257,79.73057556152344,30512000,204.73834511935604,206.7768328944858,202.60416267411318,205.6571044921875,22351500
2020-10-23,113.10495581407777,113.26044346102229,111.05450880786603,111.79306030273438,82572600,159.5500030517578,160.26649475097656,157.0,160.22000122070312,69334000,80.14693590256121,81.09328441349074,79.99110798217251,81.03671264648438,30548000,205.7910304453066,206.9873230068885,204.00138144619794,206.93946838378906,18879600
2020-10-26,110.79214780910604,113.26045893616059,109.69403654118432,111.80279541015625,111850700,159.93699645996094,164.1490020751953,157.6649932861328,160.3520050048828,118024000,80.14443739325498,80.86796676130896,77.80114300839921,78.62045288085938,35826000,204.66176438764387,207.04477013994912,199.15881787540803,201.05374145507812,37111600
2020-10-27,112.23037983284465,113.96985932342135,111.30719583151641,113.30905151367188,92276800,161.2469940185547,164.58299255371094,160.56500244140625,164.31649780273438,85820000,78.85073087185503,79.49932607502853,78.25820767241161,79.34449768066406,25902000,202.49887456316478,205.44654182171075,201.29301665869846,204.08755493164062,36700300
2020-10-28,111.80281293277008,112.17208508150478,107.96429393091981,108.06147003173828,143937800,162.46499633789062,163.2010040283203,158.12350463867188,158.13900756835938,111766000,76.91932680468821,77.10789684447866,74.85839855107197,74.97352600097656,45174000,198.74728548055538,199.86701371354707,193.41661271649156,193.9716796875,51195600
2020-10-29,109.19846475592668,113.6297606580206,109.03325721187969,112.06520080566406,146129200,160.06350708007812,162.8625030517578,158.1999969482422,160.55050659179688,131930000,75.28218061851324,78.84128724607514,75.25885830217857,77.26023864746094,55406000,195.30197536200046,198.45061144103295,194.63203974234074,195.92404174804688,31432600
2020-10-30,107.92543308538788,108.82918500247833,104.67970501772538,105.78752899169922,190272600,157.8874969482422,158.35000610351562,150.9499969482422,151.8074951171875,167728000,82.74678275654098,83.43557859087133,79.47797841043996,80.19952392578125,99878000,194.75643484993753,195.5124853460683,191.0431379547193,193.77069091796875,36953700
2020-11-02,106.03046563409058,107.5561534514894,104.29098593931357,105.70005798339844,122866900,153.08700561523438,153.98550415039062,147.50599670410156,150.2239990234375,145148000,80.56824749297716,82.29023716014902,80.10673063697057,80.6069564819336,44228000,195.51249748130388,196.4599665343652,191.52166688119192,193.63671875,30842200
2020-11-03,106.56494539048946,108.34328959669351,105.66119353544151,107.32292938232422,107624400,150.92649841308594,153.7449951171875,149.0489959716797,152.42050170898438,97958000,80.92653865196347,82.3279448648545,80.00102885652811,81.66594696044922,31432000,195.12968662953483,199.17793687834458,194.39276626640526,197.560546875,27512000
2020-11-04,110.91849897605819,112.32757104438583,109.17901925135381,111.70563507080078,138235500,157.99949645996094,162.24249267578125,156.9864959716797,162.05799865722656,136780000,84.6394964423136,87.83783471306926,84.51146598755264,86.63790130615234,71342000,204.82449984334667,208.93975055271454,203.2932390109168,207.09266662597656,42311800
2020-11-05,114.62092887746823,116.24379976164865,113.57141686577324,115.67044830322266,126387100,165.99850463867188,168.33999633789062,164.44400024414062,166.10000610351562,115786000,87.85866770874907,88.91915931430586,86.39869809059148,87.46414947509766,39758000,212.49985903019407,214.49049184070802,211.6480992096399,213.69615173339844,36080100
2020-11-06,115.1788748490344,116.03551019200556,113.04701195376393,115.53905487060547,114457900,165.23199462890625,166.10000610351562,161.60000610351562,165.56849670410156,92946000,86.9103342731499,87.76190180648214,86.18282936178207,87.32669067382812,28622000,212.71043530798812,214.720213151362,208.66218436407797,214.1077117919922,25231900
2020-11-09,117.30099476626944,118.7514365224502,112.9691352746871,113.23196411132812,154515300,161.55149841308594,164.4499969482422,155.60549926757812,157.18699645996094,143808000,89.12559909444359,90.16325299322276,87.21850731003066,87.41055297851562,53440000,214.79680549058443,218.3186851127027,208.51866209241803,209.00674438476562,44395000
2020-11-10,112.48241007857042,114.46824612623837,111.10010224382926,112.8912582397461,138023400,154.75100708007812,155.6999969482422,150.9739990234375,151.75100708007812,131820000,85.83993301927185,87.30933015631211,85.16254829925757,86.23445129394531,43022000,205.28384132449852,207.1979097750766,200.70921889587157,201.94378662109375,44045100
2020-11-11,114.0788892511671,116.45410805937627,113.34879995040824,116.31782531738281,112295000,153.08900451660156,156.95750427246094,152.5,156.8695068359375,87338000,86.76443103612137,87.4839927088133,86.49943497923725,86.70637512207031,31838000,203.2645072623287,208.67174502636834,203.0826684151981,207.2457733154297,29440800
2020-11-12,116.44435364296932,117.33019127391833,115.4222258727158,116.04523468017578,103162300,157.99749755859375,158.79400634765625,154.30250549316406,155.51400756835938,87240000,86.44682541087165,87.58721098528301,86.24683654348757,86.48751831054688,26474000,207.87739570923154,209.6957547666248,205.24555177695154,206.18344116210938,21593900
2020-11-13,116.26915483122531,116.49304471994897,114.74083488923566,116.09393310546875,81581900,156.10000610351562,157.08599853515625,154.26950073242188,156.4405059814453,75124000,86.74457016086399,88.19014476827796,86.1480792484546,87.94847106933594,29744000,207.06392446312853,208.0783784000142,204.95845209936047,207.2074737548828,18621100
2020-11-16,115.7629391328116,117.77798498184063,115.01338417236556,117.10630798339844,91183000,154.66000366210938,157.13499450683594,153.63450622558594,156.55299377441406,76174000,87.54552502493586,89.04420345983792,87.40607574489121,88.03631591796875,25468000,205.63791381682324,208.38461163299147,205.30296064141453,207.89651489257812,24953300
2020-11-17,116.37623782202498,117.46649976087988,115.80189704193324,116.2204818725586,74271000,159.177001953125,159.46249389648438,156.76300048828125,156.7830047607422,68894000,87.73013533866205,88.19066026800272,87.3147784714661,87.4224624633789,21314000,206.81509518658177,208.327196362461,204.88188202560576,205.2455596923828,24154100
2020-11-18,115.4611723878438,116.63904872341847,114.86736591902952,114.89656829833984,76322100,156.6999969482422,157.0,155.2550048828125,155.2729949951172,58336000,87.17335262075193,87.588217331153,86.27662453313168,86.37934875488281,20108000,205.00563631341277,206.46414065217695,202.39568734569283,202.5396270751953,28372800
2020-11-19,114.46823633236953,115.89921220090177,113.70894483319339,115.49036407470703,74113000,155.2655029296875,156.25,154.04600524902344,155.8509979248047,60206000,86.01162222429092,87.51327668318758,85.85232624194083,87.26911926269531,20106000,202.82752451855407,204.41075930786246,201.43618011662315,203.825439453125,24792700
2020-11-20,115.49039807716413,115.61694422200075,114.176238754997,114.22490692138672,73604300,155.8509979248047,156.64450073242188,154.90249633789062,154.97000122070312,67488000,87.43933016329416,87.75494624561959,86.099455426142,86.16793823242188,27694000,203.61431265747638,204.6602073715696,201.5033283365193,201.87754821777344,22843100
2020-11-23,114.06915102717399,114.49747245412723,110.73020904206231,110.82755279541016,127959300,155.8350067138672,156.9875030517578,153.2729949951172,154.91949462890625,94178000,86.35850382471271,86.64483829608162,84.86776845214185,85.7302474975586,22530000,202.41492719145955,203.70070706865718,199.73781746855306,201.60891723632812,25683500
2020-11-24,110.88595846342133,112.77445093316165,109.6009942581799,112.11250305175781,113874200,155.02499389648438,156.71249389648438,154.31300354003906,155.9029998779297,72042000,85.72726380732696,87.66164554548067,85.39130128904262,87.53361511230469,27984000,201.10994475986428,205.581403777196,200.40948479991638,205.20718383789062,33979700
2020-11-25,112.48241594054053,113.6505557267342,112.11249931432629,112.94966888427734,76499200,157.093505859375,159.89999389648438,157.01300048828125,159.2534942626953,75808000,87.72765454815004,87.85518522073961,86.7624437790224,87.54502868652344,19600000,206.40660094564046,206.5793110767255,203.86382640634406,205.21676635742188,21012900
2020-11-27,113.47534623148913,114.37092065910097,113.13463937607727,113.49481201171875,46691300,160.56300354003906,160.8094940185547,159.50250244140625,159.76699829101562,47858000,87.56537478708843,89.17670461109734,87.56537478708843,88.68094635009766,14790000,206.1571286123674,207.5196733497575,205.3798890879226,206.52174377441406,14512200
2020-11-30,113.86470584710362,117.7585146753094,113.70894992908693,115.88948822021484,169410200,160.4239959716797,161.41949462890625,156.27749633789062,158.40199279785156,81278000,88.1167194862883,88.34945805842784,86.73664396560041,87.06218719482422,32418000,205.43747642885162,206.07076156750256,202.30936731959918,205.40869140625,33064800
2020-12-01,117.79744907350444,120.19214051849595,116.82399690431193,119.46205139160156,127728200,159.4250030517578,162.44749450683594,157.85899353027344,161.00399780273438,90740000,87.67058175377963,90.40293508256026,87.49043957012618,89.09481811523438,37350000,205.83088300781273,208.5272022203273,204.71782793602847,207.4621124267578,30904500
2020-12-02,118.78066586007702,120.0948326221023,117.6806672543266,119.81253051757812,89004200,161.08250427246094,161.60000610351562,158.66299438476562,160.17649841308594,62586000,89.09481973864247,90.94980721667606,88.58914191662642,90.56421661376953,29424000,206.18593224564373,206.75205725581316,204.19008755622022,206.65609741210938,23724500
2020-12-03,120.24082042379452,120.493920092042,118.96560033409804,119.67622375488281,78967600,160.2729949951172,161.4320068359375,159.0655059814453,159.3365020751953,57840000,90.34438241647054,91.50014714254405,90.16870781369849,90.40889739990234,24728000,205.9268176097469,207.62520699489636,205.00565304654657,205.57179260253906,25120900
2020-12-04,119.34525394863078,119.59835363347426,118.29392365175957,119.00454711914062,78260400,159.91050720214844,159.91050720214844,157.93800354003906,158.12899780273438,58272000,90.32851391467301,90.78903130874234,89.9994950336084,90.50418853759766,20544000,205.55261569818433,206.6656853723853,204.55468611392993,205.68695068359375,24666000
2020-12-07,119.06294045566084,121.2629445857138,119.00453569816821,120.46471405029297,86712000,157.82400512695312,159.03799438476562,157.08450317382812,157.89999389648438,55026000,90.09674637845352,90.77859855213794,89.4759411272012,90.17019653320312,22288000,205.69656170116207,206.81922161640415,204.3724066080497,205.6197967529297,24620000
2020-12-08,121.06826612455384,121.66207262611567,119.82224093273689,121.07799530029297,82225500,157.94500732421875,159.2064971923828,156.00100708007812,158.864501953125,65726000,89.74788739186799,90.11759154794318,88.89235211475021,89.8873291015625,19936000,205.3127023945239,208.17212648413775,204.27639780388105,207.27015686035156,23284100
2020-12-09,121.2239981813297,122.60629848757797,117.78771319139744,118.54700469970703,115089200,158.39450073242188,158.72149658203125,154.39999389648438,155.2100067138672,82016000,89.83919334116746,90.73294542075456,87.43932691550214,88.22637939453125,31728000,206.45458405466127,206.52174422620556,202.6644048248487,203.23052978515625,32440600
2020-12-10,117.30100444410381,120.58154143292921,116.96029761781081,119.96826171875,81312200,154.44949340820312,157.10499572753906,153.8000030517578,155.07449340820312,60604000,87.46910240104222,88.08395592677938,86.0265034805042,87.71971130371094,28688000,203.201759414786,204.4587542835817,201.84880470381904,202.00233459472656,26733300
2020-12-11,119.17975935630199,119.50100038149354,117.3496717985599,119.16029357910156,86939800,154.83299255371094,155.93350219726562,153.64100646972656,155.8209991455078,61294000,87.34008297762018,88.19909393700529,86.97980616515416,88.07453155517578,18628000,201.5513549081159,204.68905441820556,200.64938507745762,204.6314697265625,30979400
2020-12-14,119.34523518624412,120.07532431759577,118.31337825719271,118.54700469970703,79184500,157.14999389648438,159.52349853515625,156.3000030517578,157.84849548339844,83116000,87.87206853297646,88.81890924399337,86.80065786516951,86.95598602294922,33050000,204.47793178105667,207.46210106509508,204.2668318593756,205.53341674804688,28798400
2020-12-15,121.03904746799414,124.50454247866038,120.83462338964168,124.48506927490234,157243700,159.05050659179688,159.4250030517578,156.52450561523438,158.25599670410156,66390000,87.33312959787565,87.53857801501006,86.43045746319423,87.3936767578125,21352000,206.46419310374057,206.70407807244058,203.6527482984566,205.46627807617188,27000600
2020-12-16,124.0275637947843,124.9620697049553,123.20012338037756,124.41693878173828,98208600,158.80050659179688,162.35000610351562,158.1840057373047,162.04800415039062,88552000,87.79216907373542,87.79216907373542,86.79719198041016,87.20063781738281,24676000,206.06118358324636,211.20431778476424,206.03239855894847,210.40789794921875,35023300
2020-12-17,125.47799742873109,126.13995272668132,124.64082784390504,125.28330993652344,94359800,162.5,163.17550659179688,161.0500030517578,161.8040008544922,69486000,87.53512591403275,87.67308350632767,85.9084166720359,86.3729019165039,34880000,210.97399576078638,211.95273038503314,209.10289621547224,210.54220581054688,32515800
2020-12-18,125.53639778513613,125.67268049414356,122.77178977344829,123.29745483398438,192541500,162.19949340820312,162.4709930419922,158.5800018310547,160.08250427246094,119914000,86.65377457814161,86.7624505284676,85.10695960958034,85.66374969482422,85256000,209.7458038330078,210.8013034819783,207.2797941315631,209.7458038330078,63354900
2020-12-21,121.70100182150271,124.90366074139115,120.17268202586978,124.8257827758789,121251600,160.00050354003906,161.34849548339844,158.3000030517578,160.3090057373047,76736000,84.81564179789396,86.1986929343189,84.06481470065636,86.07760620117188,33974000,208.74786494629828,214.93689309140643,208.48878512735112,213.5839385986328,37181900
2020-12-22,128.11605471749206,130.84172406271304,126.20808171972651,128.37889099121094,168904800,160.14199829101562,161.10000610351562,159.00399780273438,160.3260040283203,47388000,85.81807923743065,85.98085084047112,84.64941153653486,85.36599731445312,20370000,213.67993915840347,216.50098876062142,212.87392916960312,214.87936401367188,22612200
2020-12-23,128.65146195480474,128.91428338608608,127.30809300233021,127.48332214355469,88223700,160.25,160.50650024414062,159.20849609375,159.2635040283203,41876000,85.55011232552296,86.55154089513248,85.41463085492951,85.76349639892578,22974000,214.08293413992092,214.51472413933894,211.86639945368123,212.07749938964844,18699600
2020-12-24,127.83376887622417,129.91695629713385,127.61960817236115,128.4665069580078,54930100,159.69500732421875,160.10000610351562,158.4499969482422,158.63450622558594,29038000,85.8017013279546,86.46717488960903,85.57094668185455,86.05776977539062,9312000,212.46131328554506,214.56270791406772,212.25021334578557,213.7375030517578,10550600
2020-12-28,130.43286969291617,133.693925752392,129.96560192767902,133.06118774414062,124486200,159.6999969482422,165.1999969482422,158.63450622558594,164.197998046875,113736000,86.5912375649003,88.67995556645543,86.43790089801071,88.03284454345703,27650000,215.36870333861185,216.8847779666073,213.99656846423386,215.8580780029297,17933500
2020-12-29,134.38509099699746,135.10543618196706,130.77357648181422,131.2895050048828,121047300,165.4969940185547,167.53250122070312,164.06100463867188,166.10000610351562,97458000,88.691373155201,88.75290469779057,87.09741391594572,87.22891998291016,19726000,217.15345055362997,217.98824549729198,214.53391099007936,215.08084106445312,17403200
2020-12-30,131.98069677623383,132.37981588137615,129.8585625212068,130.17007446289062,96452100,167.0500030517578,167.10499572753906,164.12350463867188,164.29249572753906,64186000,87.58821155391553,87.72517717388291,85.75208625390715,86.16149139404297,21026000,216.1171387725915,216.50096346628422,212.50927450036974,212.7107696533203,20272300
2020-12-31,130.52045619053087,131.16293812586437,128.22310869600184,129.1673583984375,99116600,163.75,164.14599609375,162.05999755859375,162.84649658203125,59144000,86.21211520633824,87.21602750872316,86.15355195162485,86.974853515625,21070000,212.7299675852491,213.97737223508196,210.79169311832163,213.42083740234375,20942100
2021-01-04,129.97533030753675,130.06293743283263,123.39479194308862,125.97444152832031,143301900,163.5,163.60000610351562,157.2010040283203,159.3314971923828,88228000,87.34008358640446,87.4636464411681,84.71690581732847,85.65928649902344,37324000,213.52638643641092,213.9773713050936,206.1187381508586,208.88221740722656,37130100
2021-01-05,125.46826076163048,128.24260563447913,125.020466187956,127.53197479248047,97664900,158.30050659179688,161.16900634765625,158.2530059814453,160.92550659179688,53110000,85.60766776688526,86.68651421531872,85.20123853878756,86.35005950927734,20360000,208.46965049247922,209.6786802360968,206.97277046839855,209.08375549316406,23823000
2021-01-06,124.32933639261917,127.57093452826126,123.02490637051051,123.23906707763672,155088000,157.32400512695312,159.87550354003906,156.55799865722656,156.91900634765625,87896000,84.37548576847148,86.54459773705904,84.16904538419314,85.49800109863281,46588000,203.58555805690816,207.73077702990682,203.36486800201897,203.66232299804688,35930700
2021-01-07,124.95233107817177,128.13552408640413,124.46560495444153,127.44436645507812,109578200,157.85000610351562,160.427001953125,157.75,158.10800170898438,70290000,85.69055424492905,88.2244108524011,85.69055424492905,88.05171966552734,41936000,205.37990242724453,210.46546654506324,205.0632671621536,209.45794677734375,27694500
2021-01-08,128.9142743130051,129.1089766459298,126.77268233415623,128.54437255859375,105158200,159.0,159.53199768066406,157.11000061035156,159.13499450683594,70754000,88.1916567626547,89.29333349352545,87.40062879035135,89.2174072265625,35484000,209.83214589128676,211.65528020451683,208.24891115741627,210.73411560058594,22956200
2021-01-11,125.76031685281629,126.71429603758807,125.08863232599059,125.5558853149414,100384500,157.40049743652344,157.81900024414062,155.5,155.7104949951172,73668000,88.18470162798775,88.54994580133611,86.9500347222767,87.15597534179688,34796000,209.63066780968265,210.0528676774654,207.961063234746,208.69032287597656,23031300
2021-01-12,125.08859951093686,126.24700992969254,123.49213860159901,125.3806381225586,91951100,156.0,157.10699462890625,154.3000030517578,156.04150390625,70292000,86.61357327213408,87.7321207860819,85.17544183594138,86.22004699707031,29528000,207.74034052523803,208.3160701892637,204.68901137357724,206.23385620117188,23249300
2021-01-13,125.34167311947321,127.96026135406207,125.07885177634468,127.41513061523438,88636800,156.4219970703125,159.49749755859375,156.10400390625,158.29449462890625,66424000,85.71831897142816,87.16092526410401,85.71831897142816,86.70735168457031,23432000,205.3606677504283,207.9897968641936,205.27429805960307,207.5867919921875,20087100
2021-01-14,127.32757155716695,127.52225905827079,125.34172042627678,125.48774719238281,90221800,158.37600708007812,158.89999389648438,156.0294952392578,156.37350463867188,61418000,86.787772057749,87.7147738370137,85.65632133924015,85.89700317382812,29212000,207.17422274667487,208.66151222866404,204.13248361638705,204.40115356445312,29480800
2021-01-15,125.36118590805361,126.76295959555424,123.6284420036996,123.76472473144531,111598500,156.1510009765625,157.12750244140625,154.7584991455078,155.21249389648438,84880000,85.80269772639237,86.72572393076636,84.94369431632818,85.73322296142578,31444000,204.8809522010558,205.83088727894048,203.45123255832522,204.046142578125,31746500
2021-01-19,124.38774866377702,125.29306713557054,123.57005219833488,124.4364242553711,90757300,155.35000610351562,157.25,154.8000030517578,156.03799438476562,66102000,86.49646051814078,89.51564826858593,85.99177462608301,88.55441284179688,41660000,205.10162077397675,208.2009300549652,204.0269409433611,207.6827850341797,30480900
2021-01-20,125.24437293876636,128.97269692470792,125.13729259464834,128.52490234375,104319500,159.09950256347656,163.99000549316406,158.75,163.16900634765625,106196000,90.63368359442,94.27368371302536,90.29326108063897,93.29855346679688,64152000,208.89182426038445,216.6544982014575,208.4984094044723,215.26316833496094,37777300
2021-01-21,130.24786899216755,135.96202697101566,130.04343755471336,133.23635864257812,120150900,164.64999389648438,167.42750549316406,164.47850036621094,165.34950256347656,98722000,93.97248931324928,95.87957377976775,93.2658229480005,93.50104522705078,58634000,215.60856544773637,217.14383480853698,213.42081612551442,215.86764526367188,30709400
2021-01-22,132.66209590266996,136.1373282057296,131.43555118884584,135.37803649902344,114459400,165.2154998779297,166.0955047607422,164.1580047607422,164.6114959716797,56438000,93.86377763080789,94.50542904418803,93.1213859308549,93.91836547851562,32744000,217.89231390553917,220.76134336758975,216.66410405188256,216.8080291748047,30172700
2021-01-25,139.27178965679641,141.23815207113262,132.91513420833974,139.12576293945312,157611700,166.4250030517578,168.1945037841797,162.15750122070312,164.6999969482422,74996000,94.91982096292158,95.37041878796863,92.26090988552441,94.00373840332031,50586000,219.84973400806652,220.48303373157987,215.14799527840105,220.24314880371094,33152100
2021-01-26,139.787742121757,140.46915569228537,137.6169330170498,139.3594207763672,98390600,164.8179931640625,166.89999389648438,164.14349365234375,166.30650329589844,59104000,93.59234796879997,95.06918843335691,93.10304872949041,94.68211364746094,31462000,222.47890098214344,224.7050257283065,220.7709212912737,222.9298858642578,49169600
2021-01-27,139.6222601892596,140.46917381461645,136.6824448551771,138.28863525390625,140843800,167.07449340820312,167.3260040283203,160.35400390625,161.62899780273438,93204000,93.0424981499985,93.31841329790922,89.19010540093252,90.26498413085938,82512000,228.37049651144372,230.71177621326336,220.82851230150155,223.47683715820312,69870600
2021-01-28,135.81607367562873,138.22050212672593,133.07093096645877,133.45057678222656,142621100,161.7519989013672,165.08399963378906,161.4344940185547,161.88099670410156,62984000,90.86345710248793,93.69158328573165,90.86345710248793,91.96513366699219,55278000,226.07716818506384,232.8227316681534,225.57820339979344,229.26283264160156,49111200
2021-01-29,132.22402749273948,133.10987264929705,126.753230328146,128.45677185058594,177523800,161.5,161.84950256347656,159.2274932861328,160.30999755859375,85872000,91.0133261797353,91.68425930662701,89.40250361723265,90.68282318115234,44530000,226.44175729046466,228.3896215227692,221.98949409642398,222.57481384277344,42503100
2021-02-01,130.19925735971532,131.78598951100426,127.45411448597895,130.5789031982422,106239800,162.1179962158203,167.51300048828125,161.75149536132812,167.1439971923828,83204000,91.537869114529,95.05876695305972,91.537869114529,93.94369506835938,40252000,225.54940574495873,232.68838365200105,223.02581157927415,229.9536895751953,33314200
2021-02-02,132.12668680443446,132.6912909648265,131.03642489675576,131.40634155273438,83305400,169.0,171.38699340820312,168.05650329589844,169.0,141972000,94.93916613642043,96.7375742923494,94.60369579708804,95.23641967773438,66332000,231.53695085313288,232.50608075588323,229.03255145237534,229.81936645507812,25916300
2021-02-03,132.15583008103815,132.16557410680875,130.0629143506626,130.3841552734375,89880900,171.25050354003906,171.6999969482422,165.43099975585938,165.62649536132812,141776000,102.50599859407848,104.54112080046828,99.92251415054169,102.1720199584961,97882000,229.87696773203956,235.17361713548425,229.5794980812515,233.16818237304688,27158100
2021-02-04,132.68157041122387,133.75235918193923,131.01696020484349,133.7426300048828,84183100,166.5,167.35000610351562,163.8874969482422,166.5500030517578,73414000,102.25835014362768,102.68909362124872,100.99191812912186,101.9114761352539,48596000,232.84194088146734,233.3984757451428,230.64458645062663,232.21823120117188,25296100
2021-02-05,133.90346870595903,133.97170445351236,132.45085206919504,133.32826232910156,75693800,165.9499969482422,168.85000610351562,165.135498046875,167.6074981689453,72416000,102.20576092112387,104.01112041342323,101.73134861128602,103.65828704833984,29866000,232.42931297571354,233.4368326563768,230.69254834518915,232.40052795410156,18054800
2021-02-08,132.61656460059567,133.523235617583,131.53441750826036,133.4744873046875,71297200,167.9250030517578,168.25,165.1999969482422,166.14700317382812,65148000,104.2126024166411,104.95697814818854,102.39384771098673,103.44440460205078,28828000,233.31207164136814,233.82062650984076,231.0667522626685,232.6595916748047,22211900
2021-02-09,133.19177019449774,134.42016235628924,132.44110262440083,132.59707641601562,76774200,165.62449645996094,166.89999389648438,164.89199829101562,165.25,44070000,102.96203612678922,104.13864697563528,102.72383804284246,102.99131774902344,21892000,232.08386345870682,234.85693261686325,231.6136983743784,233.90699768066406,23565000
2021-02-10,133.0553056014661,133.5525177010359,131.02749721967888,131.99266052246094,73046600,165.6999969482422,165.8975067138672,162.6999969482422,164.32899475097656,63032000,103.37592426780195,104.1570250983957,101.84251204141984,103.54167175292969,25102000,235.08722714593918,235.97000191539507,231.14351838244667,232.9954376220703,22186700
2021-02-11,132.4898491628531,132.9675589258699,130.4133074654321,131.7391815185547,64280000,164.60000610351562,164.60000610351562,162.4029998779297,163.10650634765625,46028000,103.76597151325437,103.91484058963358,102.66727078205419,103.65431213378906,20480000,234.87614522468496,235.23117025659255,232.3525509282651,234.59788513183594,15751100
2021-02-12,130.97873504321333,132.12911793128706,130.33529298247856,131.97312927246094,60145100,162.5,164.0124969482422,161.66549682617188,163.885498046875,46706000,103.20868656852795,104.1877847485389,102.90100612778934,103.9659652709961,18990000,234.0605123364703,235.37509168356013,232.909067623064,235.07763671875,16561100
2021-02-16,132.09017454240117,132.5971155475775,129.45791334796667,129.84788513183594,80576300,162.70249938964844,165.4149932861328,162.67950439453125,163.44749450683594,51494000,103.80319453901487,106.45267806427309,103.80319453901487,104.74359130859375,31004000,235.1160487689445,236.17154846273206,233.0914190955274,233.83985900878906,26728500
2021-02-17,127.95652384973054,128.9021846827299,126.22119084968794,127.55680847167969,97918500,163.17999267578125,166.04550170898438,162.97500610351562,165.4320068359375,65950000,103.91385613661629,105.32618913024353,103.63447293017356,105.1366195678711,20294000,232.0894541766409,234.96507650561446,231.72398457959287,234.85928344726562,21653500
2021-02-18,125.95797287967874,126.7379014019475,124.21289601346298,126.45518493652344,96856700,164.12100219726562,166.89999389648438,163.69700622558594,166.4114990234375,60548000,104.46073001635577,105.30386215822301,103.8816019889264,104.50092315673828,22546000,232.55110833821877,234.59962546627492,231.64706116356732,234.46498107910156,16925600
2021-02-19,126.97187831271118,127.43008573965325,125.56801001534814,126.61115264892578,87668800,166.4114990234375,166.6750030517578,162.28750610351562,162.4949951171875,86104000,104.59918372977481,105.13463539467114,103.39031525447268,103.65729522705078,37938000,234.42653213198153,234.53232520528252,230.9930780326897,231.75286865234375,25262600
2021-02-22,124.79781414918779,126.4649113230703,122.44829262823369,122.8382568359375,103916400,160.406494140625,161.61599731445312,158.61300659179688,159.03700256347656,70314000,101.91000696569243,103.2364866636668,101.63210788638077,101.94275665283203,29466000,228.338596694678,228.82908372572433,223.51060941552996,225.53990173339844,36446900
2021-02-23,120.65449424173501,123.53046696039274,115.41924089427319,122.70179748535156,158273000,156.35150146484375,160.2364959716797,154.67999267578125,159.72500610351562,93544000,99.944359311509,102.84792006852427,98.76526456480636,102.23355865478516,34658000,221.51983481114613,225.84770894272074,219.9810292498646,224.34738159179688,30228700
2021-02-24,121.80487424070276,122.40931177714582,119.16287735238498,122.20458221435547,111039900,158.33749389648438,158.56149291992188,156.2689971923828,157.97650146484375,60226000,100.74082627734853,103.63297538297377,100.61627147183141,103.40916442871094,22608000,221.21203274988108,226.20351580478894,220.24067088187863,225.57838439941406,26339700
2021-02-25,121.55138820352438,123.28672123283567,117.51527437819725,117.9539794921875,148199500,156.83700561523438,158.91299438476562,152.38800048828125,152.85800170898438,90676000,102.0256127941476,103.36896303196635,99.57215061949934,100.0416030883789,41548000,223.20288228767947,225.61686886141217,219.16353629900811,220.2310791015625,39542200
2021-02-26,119.51384476967971,121.71713665773981,118.15872464367439,118.21722412109375,164560400,154.75999450683594,156.1219940185547,151.8350067138672,154.64649963378906,85518000,100.73637293122968,102.05490942560124,99.30022530470565,100.33738708496094,40042000,222.67390094963855,226.36701617746488,220.76001381444942,223.49139404296875,37819200
2021-03-01,120.64474122239031,124.71985277897572,119.70883139515851,124.58336639404297,116307900,156.39450073242188,157.47799682617188,154.89950561523438,157.3070068359375,54582000,101.63209158055665,103.03300560280509,100.95818263525662,102.70697021484375,26060000,226.87678608775025,228.38674041190882,224.23197397293902,227.87701416015625,25324000
2021-03-02,125.18781457062964,125.4900333680428,121.87312920015346,121.9803695678711,102260900,157.17349243164062,158.17599487304688,154.3560028076172,154.72650146484375,51916000,102.46777579992727,103.9515673872358,102.06234608378273,102.44991302490234,25564000,227.9443015684846,228.22321721235295,224.5204748274745,224.92440795898438,22812500
2021-03-03,121.67814086921052,122.55555866097826,118.78266587535208,118.99714660644531,112966300,154.0590057373047,155.38900756835938,149.75,150.25,79774000,101.82810665686394,103.0210885249046,98.9523288633774,99.8163070678711,33892000,223.279844277028,224.6455272759705,218.56726130025564,218.8557891845703,34029500
2021-03-04,118.69493748094318,120.49851409881295,115.64348098558409,117.11558532714844,178155000,150.60000610351562,152.906494140625,147.27149963378906,148.8784942626953,109632000,99.98801216184687,102.95161985010066,99.51955162533255,100.93386840820312,49216000,218.06716778420983,223.59722946005738,215.68201757357087,218.0575408935547,44727800
2021-03-05,117.94423786319923,118.88014757741405,114.61980182519049,118.3731918334961,153766600,150.25,150.4499969482422,144.0500030517578,150.0229949951172,107772000,102.28466284780541,104.52026594581169,100.62867233193391,104.06719207763672,53100000,220.74083051607226,224.34739246721543,217.79787831196157,222.74127197265625,41872800
2021-03-08,117.89550256292887,117.96374575469044,113.29394038143423,113.44017791748047,154376600,150.75,153.22950744628906,147.5655059814453,147.59750366210938,83700000,103.42158844138253,104.89445355872637,99.50765630191395,99.6222915649414,36868000,222.52003591331203,224.44353542154002,218.4422263479561,218.69227600097656,35267400
2021-03-09,116.04317714685729,118.99714411910483,115.80920155325997,118.05148315429688,129525800,150.89950561523438,154.54800415039062,150.25750732421875,153.1425018310547,80600000,101.71894467377746,102.42212772357182,101.01674600755987,101.25296020507812,33920000,223.9723063843275,226.37668097304578,222.80858262632722,224.83787536621094,33080500
2021-03-10,118.6364351696504,119.10438636423861,116.4526381350717,116.96934509277344,111943300,154.92250061035156,155.822998046875,151.50250244140625,152.8820037841797,60250000,102.2970659351344,102.2970659351344,100.20933995964218,101.0460205078125,27100000,227.93470791551164,227.93470791551164,223.1644223392066,223.52989196777344,29746800
2021-03-11,119.46509072342045,120.1182765520443,118.21721109919896,118.89964294433594,103026500,155.20050048828125,156.58900451660156,154.14649963378906,155.67950439453125,55528000,102.13926584834769,104.77187091897011,102.05142854718905,104.23939514160156,27702000,225.9727277040274,230.02168593321738,225.3475815614815,228.05972290039062,29907600
2021-03-12,117.37879987716553,118.12947496626138,116.16991732521446,117.99298858642578,88105100,153.75,154.94900512695312,152.27499389648438,154.47450256347656,48438000,103.04195455710017,103.10150219473942,100.85894755075073,101.73135375976562,33818000,225.05903321453633,226.79981243058896,224.30886965187727,226.73248291015625,22653700
2021-03-15,118.36344619441722,120.88845140763532,117.39828304156515,120.87870025634766,92403800,153.72850036621094,154.11199951171875,151.60450744628906,154.08399963378906,58272000,101.48222292330844,101.97896555456512,100.62917132551493,101.95167541503906,26168000,225.9727625007269,226.1939608682374,222.9432415168151,225.8284912109375,26034900
2021-03-16,122.54581024798175,124.02767309341856,121.59040552732543,122.41907501220703,115227900,155.24850463867188,156.44549560546875,153.79299926757812,154.59300231933594,50776000,102.52485435636942,104.89147154660814,102.1923674371934,103.41314697265625,31900000,227.24222868505888,230.87764154891525,226.91523729363269,228.61753845214844,28092200
2021-03-17,120.93722665347914,122.70180609403398,119.2701289957093,121.62940979003906,111932600,153.66099548339844,158.65249633789062,153.51100158691406,156.7864990234375,62372000,102.64792444093051,104.16297408675445,101.43955571786044,103.33026885986328,26382000,227.11720307886736,229.42541133970818,224.30889550204407,227.97315979003906,29562100
2021-03-18,119.79656889154106,120.08904396527872,117.30080936399335,117.50553894042969,121229700,155.0500030517578,155.8314971923828,151.25,151.39950561523438,72992000,101.64102887234584,102.66181951662611,100.2019054886591,100.30909729003906,31700000,223.66452881126907,225.23218566499116,221.51983088863727,221.89491271972656,34833000
2021-03-19,116.89134977056929,118.38295627751944,116.67686904236336,116.97908782958984,185549500,151.4615020751953,153.864501953125,150.8314971923828,153.7480010986328,92508000,100.72545519221457,101.08820812478666,99.39549992944659,100.5879898071289,46072000,222.183433076479,223.57796728976257,220.5773127425442,221.5390625,46430700
2021-03-22,117.31054202279068,120.76171313425421,117.24229884140365,120.29375457763672,111912300,153.3925018310547,156.32899475097656,153.00250244140625,155.5435028076172,58044000,100.62123402558689,101.64896832220467,99.94484136557821,100.77308654785156,33536000,221.46212328057254,227.83851426603098,221.3370911146356,226.9633331298828,30127000
2021-03-23,120.23529591930925,121.12245752357768,119.07515407577647,119.46511840820312,95467100,156.35000610351562,159.10000610351562,156.04249572753906,156.875,76346000,101.23261887288946,102.4315602691178,100.63960345971093,101.30110168457031,28510000,228.4059692318967,231.82979623103833,228.0020360699332,228.49252319335938,31638400
2021-03-24,119.73805996841114,119.816054302137,117.05706610966415,117.0765609741211,88530500,157.552001953125,158.0155029296875,154.25750732421875,154.35350036621094,59180000,101.81868694086641,102.6047475271792,100.6892203526668,100.8644027709961,25218000,228.75219470524345,228.8964513044981,226.3189688968999,226.45361328125,25620100
2021-03-25,116.5403780411406,118.60718345893137,116.0139273940255,117.56402587890625,98844700,153.64950561523438,155.48899841308594,151.85699462890625,152.31300354003906,71270000,100.69170066123667,101.51497849194996,99.05605651294476,100.86092376708984,35616000,226.2997431730868,227.8770123437966,222.71242033317537,223.4529571533203,34061900
2021-03-26,117.33005170542276,118.43170133574063,115.93593444848634,118.16847229003906,94071200,152.2030029296875,152.83299255371094,149.8000030517578,152.60150146484375,66258000,100.82767512282554,101.20482275574092,99.44114815336599,100.47732543945312,27978000,222.69312134234167,227.65575276755567,222.69312134234167,227.43453979492188,25479900
2021-03-29,118.59743388740822,119.50409766319855,117.70052126390267,118.34395599365234,80819200,152.77200317382812,154.5625,151.42250061035156,153.7864990234375,54920000,100.34977968394811,101.69213801960343,99.52054260203612,101.52241516113281,26492000,227.54040372170107,227.7423776563444,223.01056994257692,226.24205017089844,25227500
2021-03-30,117.09607172542653,117.37879562712054,115.87743806534003,116.89134216308594,85671900,153.50050354003906,153.64999389648438,151.6999969482422,152.76449584960938,46752000,101.87922713070152,102.36009090991652,101.04403828817071,101.55616760253906,27312000,224.59743738772852,224.9052043784386,222.26039233696736,222.98170471191406,24792000
2021-03-31,118.59743117177423,120.42050239594532,118.10997769999379,119.08488464355469,118323800,153.2030029296875,155.9665069580078,153.125,154.70399475097656,61878000,101.94971506893296,103.53077163659697,101.58248693283012,102.35266876220703,42570000,224.00114974202836,229.9543833600764,223.50103573631569,226.7517547607422,43623500
2021-04-01,120.5570011392304,121.06394949790783,119.41635431579364,119.91355895996094,75089100,155.89700317382812,158.1219940185547,155.77749633789062,158.0500030517578,58806000,103.82801379599191,105.98669892569983,103.78732089156456,105.69043731689453,39880000,229.3484690587783,233.5513108619018,228.9445359159846,233.08006286621094,30338000
2021-04-05,120.7617388309021,122.99427686554803,119.98181021656318,122.74079895019531,88651200,158.64999389648438,161.79800415039062,158.06199645996094,161.3365020751953,66698000,106.55242264996384,110.61373952658637,106.45614993329092,110.11599731445312,48510000,233.4743613464268,240.39897120703446,233.41665871011114,239.5430145263672,36910600
2021-04-06,123.32573845569713,123.9399272027551,122.49706897342678,123.04301452636719,80171300,161.1875,162.36549377441406,160.8520050048828,161.1909942626953,50756000,109.71699078502452,110.56459034294618,109.2639169575813,109.63461303710938,35240000,238.13886553157835,239.86039119458903,237.43679229555985,238.37930297851562,22931900
2021-04-07,122.67251797371026,124.71006950827282,121.99982993696557,124.6905746459961,83466700,161.69000244140625,165.1804962158203,161.1824951171875,163.96949768066406,66924000,109.82519791468398,111.3834241955768,109.82519791468398,111.11197662353516,24134000,238.3311639168528,241.3318179462302,237.7348838661776,240.34121704101562,22719800
2021-04-08,125.71425240153569,127.11812083629366,125.29504953954824,127.08887481689453,88844600,165.5449981689453,166.22500610351562,164.60000610351562,164.96499633789062,56242000,112.35110546289924,112.73768803911382,111.30947619166977,111.67769622802734,28664000,243.10152029642984,244.41911293067284,242.360968782777,243.5631561279297,23625200
2021-04-09,126.54294370866688,129.70163317095958,126.22122258271084,129.6626434326172,106686700,165.23500061035156,168.61000061035156,164.44500732421875,168.61000061035156,86830000,111.43006856726271,112.84586958165409,111.02413150339015,112.6821060180664,26146000,243.19765015784952,246.1983193023005,242.7841048169457,246.0636749267578,24326800
2021-04-12,129.19465689236446,129.51637793041473,127.35208358418392,127.94677734375,91420000,167.760498046875,169.7519989013672,167.5574951171875,168.96949768066406,65636000,111.86081786456195,111.99827567762381,110.55567663945638,111.3893814086914,25024000,244.96727170717304,247.81405726650726,244.8807030813656,246.12136840820312,27148700
2021-04-13,129.11667689697725,131.28097148351077,128.61946483937675,131.05673217773438,91266500,170.04249572753906,171.60000610351562,169.781494140625,170.0,66316000,111.7054829333092,112.32480405880901,111.31145691408278,111.87619018554688,25682000,247.41975820321377,249.2759282376113,247.00618349092295,248.60269165039062,23837500
2021-04-14,131.55397873531984,131.61247078663607,128.35628433887234,128.7169952392578,87222800,170.20199584960938,170.2064971923828,166.3000030517578,166.64999389648438,62904000,112.52131494179199,112.52131494179199,110.96259662557597,111.2548828125,21002000,247.63131962681794,248.92965822222618,245.40005331204884,245.8135986328125,23070900
2021-04-15,130.4620703374586,131.6124535315985,130.2865793306145,131.125,89347100,168.5500030517578,169.85000610351562,167.60000610351562,168.95449829101562,64672000,112.24938267586431,113.93911498034575,111.71442319637966,113.4056396484375,29174000,248.0640816410756,249.98758095240146,247.87174932010515,249.57403564453125,25627500
2021-04-16,130.93001971708307,131.29073056509336,129.93561036138595,130.7935333251953,84922400,169.0,170.33999633789062,167.7794952392578,169.9720001220703,63720000,113.60364566317921,113.85177090924829,112.69451439811739,113.28157806396484,26282000,249.5452355913657,251.01671169279516,247.74676806187148,250.7666473388672,24878600
2021-04-19,130.1598082608944,132.07063223335706,129.99407588140957,131.45643615722656,94264200,169.51649475097656,171.79649353027344,168.00799560546875,168.60049438476562,54508000,112.65778563629343,114.34056652546512,112.65778563629343,113.62944030761719,30290000,250.23764259808317,251.47830785879137,247.958300634406,248.8430938720703,23209300
2021-04-20,131.63194282012853,132.12914001786334,128.5024849113631,129.76986694335938,94812300,168.67999267578125,169.14950561523438,165.8000030517578,166.7344970703125,52460000,114.01304464501652,114.08797894990056,112.00968781654448,113.09597778320312,22288000,247.95831277261587,250.247281736885,247.015787507837,248.38148498535156,19722900
2021-04-21,129.03870718463844,130.3938274883599,128.00530801609,130.1501007080078,68847100,165.8000030517578,168.14300537109375,165.1905059814453,168.1009979248047,44224000,112.75059219366896,113.14511042002438,111.39929855085491,113.063232421875,23204000,249.03546247449313,250.70889751208153,247.41010318040776,250.6127166748047,24030400
2021-04-22,129.7016461870522,130.78379376444718,128.11255758082413,128.62925720214844,84566500,168.58399963378906,168.64349365234375,165.07249450683594,165.45199584960938,51612000,112.91683621189621,113.58578546454932,111.17599162675704,111.78141784667969,24146000,250.2568580859373,251.7668120194269,245.8616699942858,247.33316040039062,25606200
2021-04-23,128.8437210981472,131.72943767595572,128.8437210981472,130.94952392578125,78657500,165.9550018310547,168.75,165.4250030517578,167.04400634765625,63856000,112.49998747236313,114.44132071147847,112.2146449476843,114.13414001464844,29066000,248.01608368907097,251.50724073017807,247.429400952962,251.16099548339844,21462600
2021-04-26,131.44665682344115,131.67088117305263,130.20852129351914,131.33941650390625,66905100,167.39999389648438,171.42250061035156,166.5469970703125,170.4499969482422,97614000,114.36192227006754,115.35492306969215,114.0046212914718,114.6303939819336,32038000,251.65146203947725,252.40162572690323,250.2184641962562,251.545654296875,19763300
2021-04-27,131.6221681983873,132.01213986314156,130.74475798551163,131.01773071289062,66015800,172.17349243164062,173.0,169.90049743652344,170.8715057373047,76542000,115.01249899515436,115.05319189753914,113.45079717646414,113.68999481201172,44386000,251.5745037037294,253.12293616808492,250.17035719184975,251.94960021972656,31014200
2021-04-28,130.93968966487415,131.63187982542559,129.7405588348492,130.22801208496094,107760100,171.74000549316406,174.49400329589844,171.25,172.9250030517578,92638000,118.72792498547076,120.65734705575763,116.77865622813731,117.06747436523438,81106000,246.28489305514825,246.7273191262176,243.2746259501912,244.8230438232422,46903100
2021-04-29,133.04553085743174,133.63048088194913,129.12640139531834,130.13055419921875,151101000,175.2550048828125,175.72250366210938,171.75,173.5655059814453,153648000,118.56564700649055,119.3065470422006,117.80240903725968,118.7408218383789,41234000,245.68861412319575,246.30413341760544,239.47570386310056,242.8514404296875,40589000
2021-04-30,128.4732479162047,130.2085812488916,127.78107225167611,128.16128540039062,109839500,176.25599670410156,177.6999969482422,173.125,173.37100219726562,140186000,117.51311042017052,118.19942267241335,116.44815879879016,116.79255676269531,44856000,240.18737020905894,243.3996106161242,240.0527258409525,242.53402709960938,30945100
2021-05-03,128.7267036427075,130.70577838338053,128.5219815192614,129.2141571044922,75135100,174.2364959716797,174.33250427246094,168.63499450683594,169.32449340820312,117510000,117.35876574374358,118.18452723288044,115.89929599373691,116.27545166015625,28242000,243.70739132259695,244.62106536473124,241.514602971749,242.22630310058594,19626600
2021-05-04,127.89805427494618,128.19052935599137,123.52071640184118,124.64186096191406,137564700,167.8094940185547,168.3990020751953,163.60650634765625,165.593505859375,108788000,114.81002610533777,115.37773525338912,111.98785142103567,114.47654724121094,44818000,241.3703223475441,241.60114755760276,236.35959997498009,238.31195068359375,32756100
2021-05-05,125.95797834787251,127.17661206810328,124.75884693241741,124.88558959960938,84000900,166.9429931640625,167.73500061035156,163.21800231933594,163.52699279785156,74226000,115.558371229532,115.87447949341325,114.54849975152723,114.87056732177734,26636000,239.5334244118337,239.95659670996562,236.41736417129601,237.04249572753906,21901300
2021-05-06,124.6808521847062,126.4941797495625,123.93992080258374,126.48443603515625,78128300,163.5,165.72000122070312,162.36000061035156,165.31849670410156,88954000,114.45174020961404,115.9911117553711,113.7922258951969,115.9911117553711,25190000,237.02322683491766,240.30279705816986,235.3305525302408,240.17776489257812,26491100
2021-05-07,127.78326383187955,128.18364330353234,126.44536250089044,127.15826416015625,78973300,165.95449829101562,166.54449462890625,164.45350646972656,164.58050537109375,94206000,117.30815282057624,117.67338940045705,116.42829567342216,116.71463012695312,28898000,242.5051899813875,244.57296071817902,241.56267934946032,242.8033447265625,27032900
2021-05-10,126.37699713829772,126.50394017112625,123.83792786540381,123.87699127197266,88071200,164.11599731445312,164.14999389648438,159.5,159.52450561523438,116772000,115.534046710745,115.67597966626334,113.37039450678947,113.72819519042969,30914000,241.2741394573549,242.10124477578267,237.66757812847843,237.72528076171875,29299900
2021-05-11,120.60552510907532,123.31060121990447,119.89263087268371,122.95904541015625,126142800,156.81399536132812,161.89999389648438,156.36849975585938,161.19549560546875,92396000,111.31245005100251,113.15899447228237,110.85837666118927,112.65182495117188,34186000,235.19592806737467,237.1675181891588,233.29166747896065,236.81166076660156,33641600
2021-05-12,120.50786329646682,121.7187992057643,119.38481447185008,119.89262390136719,112172300,159.25,160.39700317382812,156.65499877929688,157.5970001220703,98728000,110.47479374412886,111.55612402772708,108.85850395774958,109.18751525878906,46376000,232.90692968884187,235.03240304314005,228.96376461216937,229.85818481445312,36684400
2021-05-13,121.66021008886267,123.19341357180042,121.34771025318693,122.04106903076172,105861300,159.27349853515625,160.19200134277344,156.64999389648438,158.07350158691406,67018000,110.47130211457284,111.13230806057291,109.5085750545865,110.6162109375,33204000,232.5510912295652,236.20574319486232,232.18562163049452,233.73403930664062,29624300
2021-05-14,123.29106392253492,124.892626453878,122.90043727939631,124.46293640136719,81918000,159.2779998779297,161.4429931640625,159.14999389648438,161.14500427246094,66500000,112.08015480939481,113.37933665290709,111.65635497248752,113.06471252441406,31996000,236.18651381020268,239.64880422890522,236.09995985164096,238.658203125,23901100
2021-05-17,123.84770522027007,123.95512773405065,122.23637496414497,123.31059265136719,74244600,162.29649353027344,164.6374969482422,161.72950744628906,163.51950073242188,74478000,112.32975663054633,113.63043010621978,111.92977890258439,113.58775329589844,21598000,237.1194261082235,237.15788964478247,234.2053252655451,235.80181884765625,24970200
2021-05-18,123.59380326356951,124.01372562566158,121.85552242300645,121.92388153076172,63342900,164.62899780273438,165.60000610351562,161.51849365234375,161.61399841308594,56568000,114.2542271454535,114.51873100821115,112.26128204938492,112.27517700195312,22204000,236.85015003109484,236.98479442898022,233.60904291569756,233.78216552734375,20168000
2021-05-19,120.27349900757707,121.9922444710152,119.98052713623112,121.76763916015625,92612000,159.75,161.7375030517578,159.1999969482422,161.58999633789062,53594000,110.58595041306152,112.89648805759676,110.43757351383768,112.72329711914062,23684000,230.68780892410186,234.46657202554343,230.0033980144126,234.36053466796875,25739800
2021-05-20,122.2949800317053,124.72661966171272,122.1680220813628,124.32622528076172,76857100,162.22000122070312,162.98399353027344,161.8090057373047,162.38400268554688,52664000,113.69098569300493,114.73310713657823,113.31978979628988,114.48250579833984,32352000,235.17024649146305,239.01647932099823,235.07384355914962,237.5994415283203,21800700
2021-05-21,124.8242725716539,125.00005419589023,122.27544274551913,122.49028778076172,79295400,162.5,162.83450317382812,159.85049438476562,160.1540069580078,82098000,115.00157068390298,115.07502083676242,113.60660840966908,113.84629821777344,40632000,238.65017736788573,239.38278963306004,235.92213916070435,236.33663940429688,21863100
2021-05-24,123.05671226419035,124.94147925250493,122.98835314857625,124.12116241455078,63092900,160.77499389648438,162.8975067138672,160.52499389648438,162.24949645996094,48456000,114.87652646965049,117.39052855183634,114.73112544261134,117.1667251586914,31832000,238.8622751429224,242.1108661573767,238.59236454414025,241.7445526123047,21411500
2021-05-25,124.8242630592938,125.31255193436976,123.35941878581565,123.92582702636719,72009500,163.33349609375,163.99099731445312,160.68800354003906,162.95249938964844,65222000,117.71061940003706,118.30611849730967,116.86699504788572,117.2575454711914,22440000,242.69888201378376,243.64356908299723,241.7831128858404,242.6506805419922,17704300
2021-05-26,123.98441377739123,124.40433608477755,123.45706896458631,123.87699127197266,56575900,163.72950744628906,164.7864990234375,162.92550659179688,163.25799560546875,47680000,117.43866520384775,118.5537446380502,117.43568933655425,118.12300109863281,21572000,242.37107398016522,243.8266787181688,241.7155811593852,242.42892456054688,17771600
2021-05-27,123.47661228754039,124.64848475719648,122.14848618161899,122.34379577636719,94625600,162.8000030517578,163.01800537109375,161.5019989013672,161.5054931640625,51224000,118.55671711942162,118.55671711942162,116.92951595867764,117.24810791015625,35224000,242.12046985764556,242.41929836060615,240.2696482540312,240.32748413085938,24426200
2021-05-28,122.62699835536803,122.85161109201668,121.63090751379944,121.68949890136719,71311100,162.10000610351562,162.39950561523438,160.98500061035156,161.15350341796875,46596000,117.83070761492301,117.91258561269424,116.76029647620672,116.95879364013672,21482000,241.9566218428521,242.9977118612827,240.56850181827792,240.68417358398438,18270200
2021-06-01,122.14849423744593,122.41216295280358,121.0352130826755,121.36724090576172,67637100,162.1750030517578,162.5489959716797,160.4530029296875,160.9324951171875,48600000,117.83169739325494,118.3909711309442,116.83125322941245,118.16616821289062,23354000,242.17830641523153,242.23614229222227,238.06216293981552,238.48629760742188,23213300
2021-06-02,121.3672417498929,122.30474128408406,121.14263644461568,122.12895965576172,59278900,161.15499877929688,161.75,160.39999389648438,161.69949340820312,40290000,118.5616749306312,118.7844939306939,116.73596907023163,117.64064025878906,21158000,239.19000511781942,240.2889309005884,236.98250443349707,238.38990783691406,19406700
2021-06-03,121.75784269489075,121.92385657251508,120.24416746798515,120.64456176757812,76229200,160.2115020751953,160.7220001220703,159.20150756835938,159.35049438476562,47966000,116.4069665373418,116.96723225649065,115.60254339356483,116.49877166748047,18696000,236.38485739131391,237.46449969103423,234.24484161220892,236.85720825195312,25307700
2021-06-04,121.1621472598856,123.20316740239241,120.94730225008668,122.93949127197266,75169300,160.60000610351562,161.0500030517578,159.9405059814453,160.31100463867188,44994000,117.5751361103478,119.05197647969602,117.23470598588214,118.78102111816406,24458000,238.83332101073105,242.5831655924148,238.59232839054823,241.754150390625,25281100
2021-06-07,123.21294086384106,123.35942679081123,121.90435013756394,122.94927215576172,71057600,159.8665008544922,160.39999389648438,158.61000061035156,159.90049743652344,44316000,118.57607279219508,119.32392413070295,118.15724030193509,119.21424865722656,24120000,240.97332052040568,244.93523951930342,240.8094473147361,244.6653289794922,23079200
2021-06-08,123.63285881954378,125.44927381859075,123.25199989330952,123.76957702636719,74403800,161.1304931640625,163.97650146484375,160.90049743652344,163.20550537109375,68334000,119.69610658561207,120.06878661423825,118.84106348764917,119.02268981933594,24240000,245.96674258742073,246.78612348356629,243.41221166410014,243.47006225585938,22455000
2021-06-09,124.22855558580545,124.75590040330229,123.55472485501787,124.15042877197266,56877900,163.64349365234375,164.87899780273438,163.53500366210938,164.0574951171875,49110000,119.66732391656954,119.73927477924008,118.94627056496574,119.49413299560547,17942000,244.6653522763675,246.3233827268109,244.0869787969945,244.45327758789062,17937600
2021-06-10,124.04301097808155,125.1855951846905,122.98832875360279,123.15434265136719,71186400,164.10049438476562,167.5500030517578,164.0574951171875,167.4824981689453,69530000,119.44351508642232,120.88661377093757,119.287694745619,120.84343719482422,25904000,245.12803093353816,248.18381539117556,244.53037398172262,247.97174072265625,24563600
2021-06-11,123.56450647531338,124.45318231886102,123.14458411693292,124.36528778076172,53522400,167.4824981689453,168.32899475097656,166.67250061035156,167.3415069580078,56348000,121.08511637699016,121.17047000516757,120.04100343499866,120.59879302978516,21958000,248.69474693138196,249.1767321950456,247.364462896783,248.59837341308594,18999700
2021-06-14,124.82428233012304,127.4805274309543,124.09186008030994,127.42193603515625,96906500,167.3415069580078,169.25,166.77499389648438,169.19349670410156,51394000,120.70102898094329,121.52778253607295,119.99337827761873,121.52729034423828,22098000,248.60801514626368,250.58417255324338,247.54764158862196,250.52633666992188,19150500
2021-06-15,126.89458776096085,127.53912286216541,126.35747517662371,126.60161590576172,62746300,169.1999969482422,169.84950256347656,168.15550231933594,169.156494140625,48524000,121.5317391337335,121.85479867979801,120.1481955864892,120.50897216796875,21562000,250.41060880971204,250.62268349864868,248.39591397383663,249.05140686035156,18038900
2021-06-16,127.3144772540413,127.82229404162898,125.44925378056163,127.0996322631836,91815000,169.60000610351562,171.3175048828125,168.02650451660156,170.7624969482422,84056000,120.66031764210322,120.97196589201818,118.57408336169361,119.86681365966797,26472000,250.05391431727787,251.1913923218555,245.25334587373584,248.10670471191406,27220000
2021-06-17,126.75788205128507,129.4434303366887,126.61138865865254,128.70123291015625,96721700,170.15899658203125,174.86000061035156,170.0500030517578,174.46200561523438,102730000,119.79239741332196,121.60370879783737,119.59637633604568,120.83055114746094,25842000,246.84386879323853,252.31921274881506,246.78603293172478,251.4998321533203,27565500
2021-06-18,127.6465684465976,128.4278070000862,127.18758260077941,127.40242767333984,108953300,173.99949645996094,175.35000610351562,173.6855010986328,174.34500122070312,104954000,120.45685158183923,120.6910818510485,119.1149929914567,119.21027374267578,46116000,250.27566108833486,252.84944580260748,249.42736235681394,250.08285522460938,37202200
2021-06-21,127.24615390753081,129.30670230447237,126.18170388050524,129.19927978515625,79663300,173.8209991455078,174.10000610351562,171.6999969482422,172.697998046875,65542000,119.59687474547188,121.08512653724667,118.99938415373178,120.89903259277344,27414000,250.45884751555622,254.02552107281122,248.62730926528494,253.1676025390625,26696100
2021-06-22,129.0332571523742,130.93755177411464,128.53520055049577,130.8398895263672,74783600,172.9029998779297,176.18899536132812,172.80450439453125,175.27200317382812,66902000,120.83699476359857,121.48212191742986,120.15614205708611,121.41313934326172,22390000,253.25430100688712,256.2136971524737,252.94582342301248,255.94378662109375,24694100
2021-06-23,130.63480331267544,131.17191580570798,130.10745108272897,130.56643676757812,60214200,175.25,176.0500030517578,174.16000366210938,175.1909942626953,56266000,121.1779016779716,122.17238644670677,120.92084886267433,121.21115112304688,19148000,256.40656926899163,257.2163011653208,254.9027772589443,255.71250915527344,19518700
2021-06-24,131.2988522960872,131.4844015936428,129.81447281680693,130.28323364257812,68711000,175.3820037841797,176.2429962158203,171.54249572753906,172.45399475097656,76640000,121.77985701377752,122.13269035567586,121.382862712785,121.58135986328125,21362000,256.5703347183762,258.1994468543113,255.90519286793935,257.08123779296875,21446900
2021-06-25,130.33209840454234,130.7520133222248,129.69732354370646,129.99029541015625,70783700,173.1999969482422,173.24099731445312,169.70899963378906,170.072998046875,78820000,121.08511210446201,121.71336839672355,120.65337662784323,121.58979797363281,34594000,256.6378916177677,257.62113099402075,255.22085372425926,255.47146606445312,25611100
2021-06-28,130.28325319231956,132.08012525724726,130.22466180559726,131.6211395263672,62111300,170.8000030517578,172.39999389648438,170.67550659179688,172.1945037841797,44856000,121.758521573653,121.86422922179605,120.49507286854836,121.61709594726562,28526000,256.5993028499447,259.2116545976608,256.32939229392287,259.03814697265625,19590000
2021-06-29,131.6406714747908,133.29106502927266,131.20122118482706,133.1348114013672,64556100,171.9409942626953,172.80149841308594,171.15150451660156,172.40699768066406,41968000,121.750585903445,122.09845947524772,120.77843143323554,121.3555679321289,23108000,259.1827076638087,261.8625441052316,258.32478933523726,261.6215515136719,19937800
2021-06-30,132.97855283049014,134.18949604999602,132.68558101434905,133.7500457763672,63261400,172.05299377441406,173.5800018310547,171.75,172.00799560546875,48080000,121.07965376613676,121.34018980324502,120.44445377750469,121.17394256591797,24474000,260.93722283399507,261.58306670833707,259.88649833459294,261.1396484375,21656500
2021-07-01,133.3984696771295,134.11135626990725,132.57814569102956,134.05276489257812,52485800,171.73049926757812,172.85000610351562,170.4709930419922,171.64849853515625,40742000,120.81218874752682,121.66772416765814,120.62014306561282,121.52629852294922,18110000,259.89610109622566,262.04576613920506,259.8864813944336,261.8144226074219,16725300
2021-07-02,134.66801646633246,136.7188044942125,134.52153799341264,136.67974853515625,78852600,172.58200073242188,175.58599853515625,171.8459930419922,175.5489959716797,63388000,122.22649002373326,124.46358492049245,122.13666881147289,124.31818389892578,25982000,262.99039844923954,267.9837578114395,262.6819208763211,267.6463623046875,26458000
2021-07-06,136.78715756035768,139.79495784960233,136.78715756035768,138.6914520263672,108181800,176.5054931640625,184.2740020751953,176.4499969482422,183.78700256347656,134896000,124.70625497523152,125.4799123179405,123.64824707773293,125.24369812011719,26404000,268.0127618499895,269.30447900628104,264.41714069196416,267.6560974121094,31565600
2021-07-07,140.17584334226723,141.49420932337944,139.31647805419703,141.1817169189453,104911600,185.86900329589844,186.7100067138672,183.94549560546875,184.82899475097656,106562000,126.20841794950853,126.32949713802952,125.20698174936605,125.52557373046875,24060000,269.3333046648363,270.57683462918703,267.1643714195464,269.8442077636719,23260000
2021-07-08,138.2617755637112,140.68364735524526,137.37309975875638,139.88287353515625,105575500,182.17799377441406,187.99949645996094,181.05599975585938,186.57049560546875,103612000,123.0959213892183,124.6536477834332,123.09195356628405,124.10628509521484,23790000,266.92346009994077,268.6875428172763,264.9666009084915,267.42474365234375,24618600
2021-07-09,139.40437134178396,142.2363981441266,139.3067090791504,141.7090606689453,99890800,186.12600708007812,187.39999389648438,184.6699981689453,185.9669952392578,74964000,124.08743338198082,124.7916083872216,123.61748109045698,124.57723236083984,18632000,265.7859789327302,268.0320175199491,265.40039657064716,267.9259948730469,23916700
2021-07-12,142.78327143895456,142.89069395646402,140.62506082396192,141.11334228515625,76299700,187.1999969482422,187.864501953125,184.83949279785156,185.92750549316406,51432000,125.2317800964702,126.11659701235094,124.66903075282382,126.02330017089844,17668000,269.1020410285344,269.69004898436486,266.61498036204364,267.3283386230469,18931700
2021-07-13,140.65438681301453,144.0040061068398,140.2637675203964,142.22665405273438,100827100,185.10499572753906,188.6540069580078,183.5659942626953,183.8679962158203,76918000,126.08582935283354,127.09718503011685,125.72456058354896,126.38655853271484,19240000,267.5211765821255,272.6591576268264,267.3958850842533,270.8565368652344,26120100
2021-07-14,144.62897873444868,146.06452746184092,144.218809182764,145.65435791015625,127050800,185.4425048828125,185.88299560546875,183.04150390625,184.08399963378906,65932000,126.99844536053709,128.35669033266043,126.9552687797192,127.27535247802734,23742000,272.1770905276217,273.43988959398905,270.44192588774035,272.3313293457031,23113700
2021-07-15,145.74225840567044,146.48444087501676,143.64263914576114,145.00006103515625,106820300,184.7100067138672,184.77000427246094,181.04600524902344,181.55999755859375,63706000,127.6842658802635,127.73487834381639,125.58115294607605,126.0525894165039,24218000,271.83971576724895,272.3313501989015,269.74788657077227,270.9046630859375,22604200
2021-07-16,144.9805687583087,146.25008890568898,142.46103409612383,142.95907592773438,93251400,181.66549682617188,182.30299377441406,178.5229949951172,178.68150329589844,80874000,126.70564909050017,126.8530340257524,125.20747031972039,126.0178451538086,20424000,271.9071833087747,273.86404237165414,269.3912048461886,270.6347351074219,26186800
2021-07-19,140.38090857655365,140.69341583864048,138.3496560764886,139.1113739013672,121434600,176.62899780273438,177.510498046875,174.95799255371094,177.47950744628906,75692000,125.14393851701688,125.25857376045805,122.57881687574903,123.6437759399414,27968000,268.88031761183106,270.2684376561935,264.56174806763556,267.0295104980469,32935600
2021-07-20,140.09771359109203,143.65240178359875,139.60943216409294,142.7246551513672,96350000,178.36599731445312,179.60000610351562,175.89999389648438,178.6595001220703,65114000,124.58614627381355,126.09028421318746,123.41797841212833,125.2630386352539,26312000,268.0126955033391,270.84677090012093,266.306478445294,269.2562255859375,26259700
2021-07-21,142.11920648842988,142.7051502253578,141.24030578420624,141.99224853515625,74993500,178.81900024414062,179.32249450683594,177.1820068359375,179.25999450683594,46380000,125.18761690110053,126.6391510453154,125.0784411915478,126.5925064086914,20746000,268.85139551202195,271.3769937870509,267.29941696059126,271.2613220214844,24364300
2021-07-22,142.51962168780233,144.72664893696307,142.39266371599166,143.35946655273438,77338200,179.3614959716797,182.00100708007812,179.11349487304688,181.90150451660156,65308000,126.88528161966792,127.51948960821602,126.54286761164278,127.45844268798828,14302000,273.61335579227523,276.10041590734517,273.20850469691914,275.83050537109375,23384100
2021-07-23,144.09186284341388,145.23443967973952,143.47662343109712,145.07818603515625,71447400,182.0,183.3054962158203,181.1020050048828,182.83200073242188,48726000,129.4524101224055,132.39865543395226,128.82714473165672,132.0175323486328,41506000,277.01624823364324,279.54184669585493,276.17759845308217,279.2333984375,22768100
2021-07-26,144.7949814490319,146.31841714774572,144.2383334584889,145.49810791015625,72434100,183.6584930419922,185.60400390625,182.3625030517578,184.99099731445312,58002000,132.32866235257328,133.23034251225275,131.3093559344711,133.0298614501953,30572000,278.58749439112125,279.2526364370559,276.3125379693512,278.63568115234375,23176100
2021-07-27,145.62506850801552,145.71297050212902,142.13874637735347,143.3301544189453,104818600,184.9250030517578,184.9250030517578,179.3074951171875,181.3195037841797,82638000,133.24375654153485,133.39114148344112,129.12835158486462,130.91087341308594,54710000,279.0020158639558,279.14660557665127,272.7555049311184,276.2161560058594,33604100
2021-07-28,141.41606313093854,143.52544245138444,139.19926130154866,141.5820770263672,118931200,181.68899536132812,182.92100524902344,180.0500030517578,181.51600646972656,59988000,135.28979281293505,137.2599079039197,134.26305040717065,135.07342529296875,95130000,278.5778724720444,279.69608197123205,273.6037803210582,275.9076843261719,33566900
2021-07-29,141.2989220568882,143.11533007978707,141.19149951624257,142.22665405273438,56699500,181.3874969482422,181.8975067138672,179.00050354003906,179.99600219726562,110400000,135.12898147854628,135.6361509759325,134.5265388076387,134.75927734375,31716000,275.9269095230165,278.22116404498746,275.7726707111648,276.17755126953125,18168300
2021-07-30,140.9961885521505,142.90048366291484,140.73251233645365,142.44149780273438,70440600,167.3975067138672,168.40699768066406,165.3489990234375,166.37950134277344,199312000,134.02235996691988,134.28983968101215,133.24821049206028,133.71617126464844,25576000,274.8954781674937,276.3317847869034,273.6808659337114,274.64483642578125,20944800
2021-08-02,142.92972994024274,143.50589840764349,141.84574465184807,142.1094207763672,62880000,167.65499877929688,167.9459991455078,165.85000610351562,166.57400512695312,67078000,134.10375968033432,134.3216113441576,132.79068281831607,133.84323120117188,21634000,276.0425682865481,276.43779970743464,273.5169703746794,274.5580749511719,16267400
2021-08-03,142.39265064248633,144.57038199069586,141.7774111754852,143.9063262939453,64786600,167.03599548339844,169.5500030517578,164.98849487304688,168.31199645996094,83146000,134.1216167474908,134.71413996372158,132.31974039561504,134.6129150390625,20762000,275.13647530693925,276.8812595727831,273.7676242417904,276.77520751953125,17879000
2021-08-04,143.818442994135,144.3262450458141,142.851640220645,143.5059356689453,56368300,168.96749877929688,169.44400024414062,167.2779998779297,167.73599243164062,43678000,134.33450184746084,134.63225514353746,133.47846680037628,134.1121826171875,19676000,275.90760465805386,277.2282393780746,274.39416409389577,276.1871643066406,16191300
2021-08-05,143.53520021202812,144.37504483971543,142.7441867059485,143.6133270263672,46397700,167.81100463867188,169.4499969482422,167.04600524902344,168.79949951171875,48670000,134.66303433806044,135.3275236015208,133.8347890656251,135.22975158691406,17870000,276.5438479043771,279.19476664668434,275.7919521287353,279.0887145996094,13900200
2021-08-06,143.13408767147246,143.87738193750994,142.42990787270435,142.92869567871094,54126800,168.75,168.75,166.45199584960938,167.2469940185547,52752000,135.02181756289275,135.4490854531946,134.19605607043894,134.7205810546875,20488000,278.11519032895563,279.0695118884768,277.2572423030038,279.03094482421875,16589300
2021-08-09,142.98743578012528,143.47644890859596,142.3223850886834,142.87985229492188,48908700,167.1804962158203,167.74400329589844,166.42599487304688,167.093505859375,42964000,134.92304934714446,136.15523997949722,134.32455935046355,135.88626098632812,17760000,279.3103790147266,281.04551369177915,277.440274382462,277.9415283203125,16117600
2021-08-10,143.22212723273427,144.46422440880676,142.1071782098756,142.4005889892578,69023100,167.25050354003906,167.89999389648438,165.75,166.03399658203125,48252000,136.31204332519133,136.73932631810774,135.34188043410109,135.78106689453125,19414000,278.3947383229659,278.82853692377614,274.9244671886936,276.1197814941406,18616600
2021-08-11,142.84076515629354,143.4960410830701,142.33218722674334,142.65493774414062,48493500,166.57249450683594,166.88499450683594,163.88949584960938,164.60549926757812,58944000,136.15277807095418,136.6500129504423,135.24959853381438,135.25704956054688,15352000,276.86200152431667,278.25977073088046,275.5606352661451,276.61138916015625,13955900
2021-08-12,142.97761899748718,145.77477386971125,142.6353039384577,145.6182861328125,72282600,164.5,165.72549438476562,163.48350524902344,165.1750030517578,46282000,134.95580816135285,136.27038427949398,134.4099447510758,136.16517639160156,16506000,276.3028972091101,279.52255547623497,276.0233374986392,279.3683166503906,14561300
2021-08-13,145.6965517804986,146.15622524916978,145.01193648359285,145.82369995117188,59375000,165.2834930419922,165.30349731445312,164.14999389648438,164.69850158691406,41134000,136.22077428380268,136.8227324935351,136.00540627281836,136.69468688964844,15948000,279.05019120849465,282.3469538476738,278.87665416060753,282.29876708984375,18249000
2021-08-16,145.27597699148956,147.8677548726636,143.25147091055382,147.79928588867188,103296000,164.14999389648438,165.0,160.55650329589844,164.94949340820312,66394000,136.49370638192505,137.3249351316468,134.28440101461297,137.27232360839844,22384000,282.6264550828447,284.1977313813573,279.5706562827999,283.98565673828125,22507600
2021-08-17,146.92882394156504,148.34695848448595,145.81387503403178,146.88970947265625,92229700,163.875,164.02450561523438,161.28399658203125,162.09800720214844,67758000,136.71701126967452,137.22864843735246,135.06152034652905,135.6366729736328,21716000,281.8553951223565,282.85790342677996,280.5925664943859,282.5205078125,20075300
2021-08-18,146.50828669516952,147.40806875624398,142.9384831112802,143.1438751220703,86326000,162.09950256347656,162.7050018310547,160.0,160.06100463867188,56086000,135.47638678008008,136.0763610262698,134.30672701456993,134.4332733154297,19258000,282.05684226178516,284.7418088904568,280.3473295062777,280.7916259765625,21813000
2021-08-19,141.84307812759047,144.7478158972454,141.32472565643218,143.47637939453125,86960300,159.7010040283203,161.64999389648438,159.1230010986328,159.3874969482422,75658000,133.42737741097457,135.32999419006325,133.2432673738552,134.66253662109375,21782000,278.82134398176925,287.30120486749115,278.77306498526656,286.6251220703125,29850500
2021-08-20,144.20018093381358,145.23688628655097,143.5546800797901,144.93370056152344,60549600,160.19349670410156,160.3905029296875,158.78799438476562,159.99749755859375,67168000,134.98014118566647,136.52248864700474,134.23576540706904,136.39892578125,31194000,289.47434845611576,295.3851371652014,287.87109049346134,293.9557189941406,40817600
2021-08-23,145.05102753102452,146.8897211086949,144.6402584192349,146.42027282714844,60131800,160.59500122070312,164.0449981689453,160.50050354003906,163.2935028076172,65362000,136.93484971886602,139.81806360283056,136.57556488005156,138.99131774902344,28454000,292.8836729551344,294.9601712543379,291.5315365840969,294.2358093261719,22830200
2021-08-24,146.16599748585364,147.54501786684636,145.87258667150505,146.33226013183594,48606400,164.0,165.77450561523438,163.72900390625,165.28900146484375,51036000,139.55704424673573,141.01453771679073,139.2860964529623,140.20217895507812,19268000,294.59322134017,295.2016902096625,291.67646727816117,292.2752685546875,18175800
2021-08-25,146.51807985316438,147.0168826886461,144.5522528692755,145.09994506835938,58991300,165.49349975585938,166.0500030517578,164.3074951171875,164.95899963378906,33606000,140.56295954298056,141.12322528868177,140.31583381143977,141.0135498046875,15848000,293.8977628351036,294.1778576953558,290.1504219493204,291.6860656738281,20006100
2021-08-26,145.09015667605945,145.8432259179612,144.2686035304066,144.29794311523438,48597200,164.9499969482422,166.60000610351562,164.8000030517578,165.8000030517578,41976000,140.6870101446203,141.34950029059405,140.29695193911797,140.3798370361328,20610000,290.70098099009647,292.09175854392464,288.7307373508136,288.8659362792969,17666100
2021-08-27,144.2392565978135,145.48135367838458,143.60354572760687,145.33465576171875,55802400,166.6614990234375,167.61599731445312,165.6875,167.48150634765625,48048000,140.59023537546233,143.42878866169718,140.43589917778093,142.92410278320312,28780000,288.76927851853645,290.58501707619024,286.68311269534024,289.4743347167969,22605700
2021-08-30,145.7258781178275,150.11722035437248,145.344448563989,149.75534057617188,90956700,167.8715057373047,172.25,167.76100158691406,171.07850646972656,63844000,143.31711771847773,144.8758510974579,143.08189549994657,143.50619506835938,24434000,290.82646975740784,293.8205048461803,290.76852316321674,293.2120361328125,16348100
2021-08-31,149.30546153876566,149.4423845898935,147.9655556918431,148.4936981201172,86453100,171.24000549316406,173.62899780273438,169.7794952392578,173.5395050048828,87128000,144.0585493114056,144.08285601526092,143.19904608984555,143.61241149902344,22448000,294.01378938450364,294.0910417140956,291.1935930272572,291.56060791015625,26285300
2021-09-01,149.47172795102404,151.57447805860386,148.99248979823196,149.15875244140625,80313700,174.82000732421875,176.35000610351562,173.76199340820312,173.9499969482422,72598000,143.91264203896188,145.15723608656572,143.79701482675657,144.12652587890625,21936000,292.5166944665886,294.7573947160675,291.1838636375992,291.5122375488281,18983800
2021-09-02,150.48886382470346,151.32019193818465,149.05116433458483,150.27369689941406,71115500,174.73800659179688,175.59800720214844,172.75,173.156005859375,58474000,144.12702918117816,144.4282505704674,142.1112538267308,142.21249389648438,32342000,291.86965443462645,292.9899752392988,289.9186869338931,290.85552978515625,16285600
2021-09-03,150.38128139931968,151.23217421828528,149.72600573087058,150.909423828125,57808700,172.60000610351562,174.1334991455078,171.82200622558594,173.90249633789062,51514000,142.0075510389245,143.0739868689535,141.33264245354516,142.66160583496094,19850000,290.70092922538174,292.25590820944143,289.9959024554989,290.8458251953125,14747900
2021-09-07,151.56469648456283,153.8043695479327,150.99743959102315,153.2469024658203,82278300,173.89999389648438,176.4044952392578,173.8470001220703,175.46449279785156,54758000,142.75586232811756,143.48088345011595,142.5419785225867,143.19851684570312,20124000,290.72028392327735,290.7975362346447,288.0063433181321,289.91864013671875,17180400
2021-09-08,153.53051823549217,153.58919740809037,150.59644021764143,151.7016143798828,74420200,175.58250427246094,177.281494140625,174.7834930419922,176.27499389648438,61068000,143.0194090417109,143.31714724471485,141.92765181614863,142.61346435546875,18344000,289.5323380029598,290.33395236601825,287.3013052567986,289.9476318359375,15046800
2021-09-09,152.0732585427631,152.6796298490877,150.56709024038778,150.68446350097656,57305700,176.30099487304688,177.49949645996094,174.01849365234375,174.20799255371094,54384000,142.76183791118086,143.22831458600484,142.10381533079317,142.46458435058594,15314000,290.5366836957276,291.81156748369074,286.847260676481,287.0887145996094,19927000
2021-09-10,151.59402874023678,152.0634770377577,145.4324620067416,145.696533203125,140893200,175.0915069580078,175.42250061035156,173.14549255371094,173.45750427246094,47946000,143.13103101123474,143.63324834342055,139.6825992095329,139.81956481933594,36840000,288.21885380227684,289.6675779536418,285.2827646026874,285.6014709472656,19633400
2021-09-13,147.32007920432878,148.09271327265083,145.48138532354497,146.26380920410156,102404300,174.13999938964844,174.8979949951172,171.89999389648438,172.85850524902344,51380000,140.8850133140272,141.87801407207704,140.19076541104684,141.26515197753906,22094000,287.37853159003885,288.3347094479184,284.02714897759813,286.8376770019531,23652900
2021-09-14,147.04622803340942,147.7504080093713,143.68181590903453,144.86521911621094,109296300,173.77749633789062,174.3404998779297,171.885498046875,172.5,38738000,141.9231620681561,142.28791402642847,140.68700352159263,141.4755401611328,19674000,289.3197829043386,291.0872423497249,287.9097000686196,289.54193115234375,21853400
2021-09-15,145.29552986579753,146.15619746026422,143.15365068997156,145.7552032470703,83281300,172.12600708007812,174.27099609375,170.10049438476562,173.7895050048828,59150000,141.70083390468355,143.36724367006724,140.28751670074934,143.34640502929688,27408000,292.89338425416526,294.88296295581523,291.5026067865931,294.4000549316406,28356300
2021-09-16,145.1782076058161,145.6965602839762,143.98501448007158,145.5205078125,68034100,172.9980010986328,174.62750244140625,172.3070068359375,174.41200256347656,51672000,142.871012257135,143.21789389256512,141.33363224313416,142.53306579589844,26190000,293.3762330249968,294.8732358078409,290.47878546514823,294.78631591796875,19550800
2021-09-17,145.54982496459772,145.54982496459772,142.5570531057093,142.8504638671875,129868800,174.42050170898438,174.87049865722656,172.60650634765625,173.12600708007812,92332000,141.95789782730313,142.3742466109802,139.41659826215943,139.74412536621094,53384000,293.7722276064099,294.09093387637466,289.29082779964784,289.61920166015625,41372500
2021-09-20,140.64014472255653,141.6572852174671,138.16574008474763,139.79904174804688,123478900,169.8000030517578,170.9499969482422,165.25050354003906,167.7864990234375,93382000,137.12541555299168,137.95762854767855,135.29971724995474,137.67922973632812,46518000,286.20022923488347,288.5085435171126,279.623024933343,284.2396240234375,38278700
2021-09-21,140.76730289175725,141.42259357419263,139.64257873843403,140.27828979492188,75834000,168.75,168.98500061035156,166.6195068359375,167.18150329589844,55618000,138.70150564295537,138.961549489437,137.24104391217074,137.99038696289062,25332000,285.58206331526065,287.3688283591431,284.0174465060781,284.72247314453125,22364100
2021-09-22,141.27582026800093,143.21230712466348,140.5423009364708,142.6450653076172,76404300,167.5500030517578,169.4499969482422,167.05250549316406,169.00250244140625,48228000,138.2593290730193,139.83045041240044,137.5124698153063,139.23147583007812,25056000,286.5866158831855,289.9573045688709,284.442503007703,288.37335205078125,26626300
2021-09-23,143.42752419874412,143.84808318959392,142.43972319227385,143.60357666015625,64838200,169.00250244140625,171.447998046875,169.00250244140625,170.8000030517578,47588000,139.93024135046866,140.6339242140277,139.34863720343068,140.1570281982422,20952000,288.63413359091027,290.61404471157635,287.35924932596714,289.3198547363281,18604600
2021-09-24,142.45926674371992,144.22949136628228,142.36145817706782,143.6915740966797,53477900,170.10049438476562,171.46299743652344,169.6699981689453,171.2760009765625,42324000,139.48458758729717,141.26315661492927,139.18931795972466,141.1485137939453,22984000,288.035295269375,289.55160387819416,286.77971687639047,289.11700439453125,14999000
2021-09-27,142.2734066886808,142.75264467743182,140.65967017463345,142.17559814453125,74150700,168.5749969482422,170.77850341796875,166.98049926757812,170.2899932861328,72690000,139.7485880718307,140.87408668323022,139.0171154416389,140.0140838623047,21882000,286.01673319852733,286.3354394750528,282.9261105458033,284.11407470703125,23571700
2021-09-28,140.10220759436288,141.5692464173405,138.57648960622467,138.79165649414062,108972300,167.885498046875,168.45950317382812,164.5050048828125,165.79800415039062,88616000,137.61522900485204,138.0534160284958,134.3449399306605,134.81141662597656,45772000,279.89341673736834,280.8399268648963,273.0844269014528,273.8280944824219,43186200
2021-09-29,139.33937729818666,141.2758647647725,138.90904343372455,139.69146728515625,74602000,166.10549926757812,167.56500244140625,164.89349365234375,165.05599975585938,51246000,135.95276138761872,136.12248424162405,132.861130950565,133.34596252441406,30848000,275.35415155742265,276.9670477955747,273.33559962456496,274.291748046875,26353700
2021-09-30,140.5032258841864,141.20740583386313,138.17551911033874,138.39068603515625,89056700,165.8000030517578,166.3925018310547,163.69949340820312,164.2519989013672,56848000,133.25467295688009,134.5260573598816,132.5544581975898,132.67355346679688,37996000,275.9432889541892,277.99081421651636,271.99310493878147,272.2828674316406,32343600
2021-10-01,138.7819070111095,139.77949787918857,136.05322057381363,139.5154266357422,94639600,164.45050048828125,165.45849609375,162.7969970703125,164.16299438476562,56712000,133.4392677350906,135.88381020641216,133.06757963803923,135.51905822753906,35360000,272.4760010388448,280.06733000946844,271.6743867398195,279.2174072265625,30086300
2021-10-04,138.6450047304298,139.08512850998872,135.23170244978712,136.08258056640625,98322000,163.96949768066406,163.99949645996094,158.8125,159.48899841308594,90462000,134.94092038251742,134.94092038251742,130.06725246602704,132.6571807861328,51202000,277.57548742469766,277.91352888902685,270.6699095435266,273.43212890625,31350700
2021-10-05,136.42486459550415,139.11443634160335,136.29771642835235,138.00926208496094,80861100,160.22500610351562,163.0364990234375,160.1230010986328,161.0500030517578,65384000,133.03582852986017,136.195457682752,133.03582852986017,135.00296020507812,32404000,274.33999347653463,280.47293031117425,274.33999347653463,278.8890075683594,24993000
2021-10-06,136.4052949835953,139.02639764577518,135.32946035449564,138.87969970703125,83221100,160.67649841308594,163.2169952392578,159.93099975585938,163.10049438476562,50660000,133.739508771599,136.7170117498164,133.54101160192383,136.5334014892578,24364000,276.010853750545,283.5925141040802,275.75009408057105,283.09027099609375,28002600
2021-10-07,139.91641559084152,141.05092948182715,139.58389028870607,140.141357421875,61732700,164.57699584960938,166.28750610351562,164.1529998779297,165.1215057373047,48182000,137.85042817938296,138.99181325854707,137.61123813678714,138.18093872070312,25110000,285.0894581507621,286.4995702294962,283.87255046724766,284.770751953125,20430500
2021-10-08,140.8651231967564,141.01182116861023,139.4274233786023,139.75994873046875,58773200,165.85000610351562,166.07150268554688,164.41000366210938,164.43099975585938,39964000,138.53029594438388,139.2786394526992,138.17349477354347,138.73724365234375,26526000,286.0939146854216,286.4995702294962,283.7180164254266,284.770751953125,17685700
2021-10-11,139.14376278668908,141.62794225299882,138.69386426168418,139.67189025878906,64452200,163.75,164.62950134277344,161.90499877929688,162.31500244140625,40684000,138.2474552462398,139.6568048342749,137.81768850604507,137.87228393554688,17954000,282.90684147752927,287.78420058758314,282.74263978544866,284.17205810546875,19298600
2021-10-12,140.08267299121655,140.1022376916366,137.94079346178435,138.4004669189453,73035900,162.85000610351562,163.37649536132812,161.81399536132812,162.3665008544922,36392000,138.43402701454784,138.46083253617908,134.74192230236443,135.42576599121094,36332000,285.24409368544315,285.3406811802425,282.35631327944327,282.8681945800781,17974100
2021-10-13,138.1363794788412,138.29285227644627,136.14119834359943,137.81362915039062,78762700,163.48550415039062,164.41900634765625,163.05450439453125,164.21400451660156,48402000,136.37208893538062,136.96511180410653,135.49521531767547,136.5502471923828,19654000,284.8287718321762,287.1177508091328,283.4573002795523,286.180908203125,23416300
2021-10-14,138.9873214948267,140.7184322668143,138.40049973105204,140.60105895996094,69907100,165.12249755859375,165.6300048828125,164.53900146484375,164.9929962158203,42190000,138.4280727926186,140.27759317448889,137.78393763383104,140.09249877929688,31894000,288.98179053840965,292.90300105132843,287.6489597728075,292.4007873535156,27262900
2021-10-15,140.61082264449493,141.71598203721894,140.3565262964831,141.6573028564453,67940300,165.5709991455078,170.52099609375,165.1999969482422,170.4510040283203,103598000,140.55251849051083,140.65524269555343,139.69946688773342,140.307861328125,30274000,292.0047810007027,294.0426679135802,290.2469889567608,293.81085205078125,25384800
2021-10-18,140.2978253736589,143.61333288501362,140.0142044027078,143.3297119140625,85589200,169.41799926757812,172.45849609375,169.2550048828125,172.33700561523438,63482000,140.01857311030093,141.72517625679853,140.0116218475846,141.70730590820312,20396000,293.19271693221856,297.67408703145924,292.34279429071773,296.7855529785156,22729300
2021-10-19,143.77960431394027,145.8921441646938,143.32972068785898,145.49114990234375,76378900,171.71449279785156,172.7344970703125,171.10000610351562,172.20750427246094,47722000,142.3122411781201,142.58518805329703,141.53065568841217,142.16287231445312,20164000,297.8092830630445,298.7267903121415,296.7179065838913,297.6933898925781,17682100
2021-10-20,145.43248657280327,146.45941702243417,144.86522961087866,145.9801788330078,58418800,172.63299560546875,173.14300537109375,170.01849365234375,170.7530059814453,42796000,142.2631058944433,142.4695538565035,140.3163131219319,140.70587158203125,23288000,298.6399155083311,299.11318532497563,295.64588043051015,296.9014587402344,16537100
2021-10-21,145.54006729554342,146.35183078139093,144.62072033751141,146.19534301757812,61421000,170.71249389648438,172.01400756835938,170.14999389648438,171.75050354003906,37628000,140.70586399440023,141.08997046295738,139.44638307898973,140.82199096679688,26292000,296.6696571309795,300.3880244426098,295.8873192037101,300.1369323730469,16918100
2021-10-22,146.40072504621372,146.879948270264,145.37379468633046,145.42269897460938,58883400,171.0500030517578,171.49200439453125,166.56500244140625,166.77749633789062,62782000,138.10650299028052,139.52875553803523,135.03571082515822,136.53488159179688,50588000,299.78924655970684,300.45566188219726,297.2781193491711,298.5916442871094,17449300
2021-10-25,145.4128937692613,146.08773407498782,144.3761886308666,145.373779296875,50720600,166.75,167.38999938964844,164.88499450683594,166.01849365234375,44520000,136.51851473554404,136.96513715391242,134.40845059559413,136.41629028320312,34412000,298.7848281449745,298.82346903838294,295.98396759735755,297.5968933105469,17554500
2021-10-26,146.04862376445527,147.52543764586656,145.7356482824783,146.03884887695312,60893400,167.47549438476562,170.80599975585938,167.19900512695312,168.80349731445312,53966000,138.21916373627255,139.0325068979377,137.267355663292,138.26382446289062,49236000,300.36877617922386,301.7209126851576,298.0508236727138,299.5091857910156,28107300
2021-10-27,146.07796575011088,146.43983059903536,145.22708789518356,145.5791778564453,56094900,169.39999389648438,171.85000610351562,168.57249450683594,169.62449645996094,54044000,138.35960422116113,147.53527135391386,138.35960422116113,145.1210174560547,85782000,305.19791815298635,314.95266763439594,305.19791815298635,312.1228332519531,52588700
2021-10-28,146.52785119259605,149.8042290860398,146.4300426307357,149.21742248535156,100077900,170.10499572753906,173.9499969482422,169.3000030517578,172.32850646972656,114174000,146.03116213698377,146.05448445943154,143.54245831069542,144.7552947998047,36206000,313.24305495530734,313.764603789262,310.3745805800996,313.26239013671875,26297900
2021-10-29,143.98499185882136,146.6452238271108,143.19279317037723,146.50830078125,124953200,165.00100708007812,168.74099731445312,163.66600036621094,168.6215057373047,129722000,143.99004609130722,147.13032034071645,143.5647621281139,146.935791015625,43320000,313.0499822726596,320.6509503867106,312.8278339552936,320.283935546875,34766000
2021-11-01,145.71609190400514,146.4104819724985,144.5522386338212,145.68675231933594,74588300,168.08999633789062,168.79299926757812,164.6009979248047,165.90550231933594,72178000,146.93581200680188,146.93581200680188,142.15145003137462,142.42091369628906,46924000,320.0327737230289,320.1583345181861,315.21336134327663,318.1108093261719,27073200
2021-11-02,145.39337924738012,148.23943908616494,145.3835894342909,146.72349548339844,69122000,165.75050354003906,166.55599975585938,164.17750549316406,165.6374969482422,52552000,143.49528827408025,145.50956421119818,143.25311477300548,144.34188842773438,33482000,319.01870120060556,322.05137778411626,318.719300579223,321.7423095703125,26487100
2021-11-03,147.08531361837095,148.63059632188478,146.52784661894307,148.16114807128906,54511500,165.4499969482422,169.74600219726562,164.87600708007812,169.1999969482422,67944000,144.8063933276679,145.56913921007816,143.50671917135764,145.49867248535156,27494000,322.4859625521439,323.4517785702542,319.3470604932856,322.5825500488281,21500100
2021-11-04,148.249208975671,149.0805222679595,147.32986198602657,147.64283752441406,60394600,168.5,174.93150329589844,168.25,173.85000610351562,107060000,146.02120570689476,148.61064946538178,145.2108308442372,147.1556396484375,38412000,321.5105128276318,325.03573544722815,318.2460499257313,324.93914794921875,23992200
2021-11-05,148.76914367642138,149.07277177253758,146.9767425543838,148.1716766357422,65463900,173.85000610351562,178.3125,173.8489990234375,175.94949340820312,99940000,148.05085702722778,149.20017778946539,147.08566141589458,147.73574829101562,38354000,326.93837395712325,327.2088012501793,322.98819017045656,324.5721130371094,22570100
2021-11-08,148.29903947767883,148.45575560494797,147.07472275577462,147.34896850585938,55020900,176.16200256347656,178.9499969482422,174.39300537109375,174.44900512695312,61480000,148.7014585767388,149.48554284378903,147.31741521200507,147.91342163085938,23052000,325.76967643631485,326.10771788078415,323.0074572358713,325.47027587890625,20897000
2021-11-09,147.1139127718246,148.3186363926463,146.97678987957883,147.7113800048828,56787900,175.7624969482422,179.68850708007812,175.07150268554688,178.81149291992188,85898000,148.11388298473145,148.71087370768657,146.1407847267169,147.80174255371094,19530000,325.58626316210496,327.1412424663178,323.09447050222167,324.4659423828125,21307400
2021-11-10,146.93761078705322,147.04535126438861,144.81219859350324,144.88075256347656,65187100,178.19349670410156,180.2725067138672,173.1544952392578,174.1024932861328,80548000,146.39388220777226,146.95961498797055,143.4536043601575,144.79942321777344,29970000,323.13302706692036,323.1909736619546,318.6419891055958,319.49188232421875,25500900
2021-11-11,145.8994181750369,146.35974762793103,144.6457037886557,144.83180236816406,41000000,175.64999389648438,177.16200256347656,173.37350463867188,173.625,45288000,145.39097096057034,146.42913217183607,144.50863009769796,144.6733856201172,16518000,319.92653686758166,322.3603824769051,319.21184248871543,321.0661926269531,16849800
2021-11-12,145.38028875154347,147.30981351364665,144.44981083290466,146.9082489013672,63804000,174.25,177.0364990234375,172.3524932861328,176.25750732421875,53788000,145.51600107030356,147.7337564391423,144.32053550188084,147.5630340576172,22360000,322.505291202805,325.7021398000391,322.37973040709574,325.2095642089844,23831000
2021-11-15,147.28040751304476,148.7593917575851,146.3597188974358,146.9180145263672,59222800,176.85000610351562,179.69400024414062,176.29049682617188,177.28399658203125,58594000,147.78389866774813,148.4280339028014,146.4683380536695,147.33876037597656,23508000,326.00156844592266,326.32994237675246,322.6115445676067,324.5818176269531,16723000
2021-11-16,146.85921243868077,148.37736785919745,146.27153455161965,147.89743041992188,59256200,176.9499969482422,178.8249969482422,176.25750732421875,177.03500366210938,44342000,147.03849156149798,147.64688590322348,146.20776288250931,146.7670440673828,18904000,324.20514364528447,329.02458606061623,324.04097141278066,327.90423583984375,20886800
2021-11-17,147.89745943010328,151.81527292494047,147.88767027666427,150.3363037109375,88807000,178.23599243164062,179.3625030517578,177.2675018310547,177.4499969482422,51206000,146.91742834177577,147.44543653660836,146.13584294303453,146.93678283691406,19594000,327.95258165019357,331.0972263739965,327.04305127550737,328.1267395019531,19053400
2021-11-18,150.55181209560718,155.40989334552083,149.90536916424182,154.62632751464844,137827700,178.3175048828125,185.2100067138672,178.0500030517578,184.80299377441406,114070000,147.1298348231303,149.45129909726722,146.77551730421044,148.71485900878906,35608000,327.2171731593675,331.3487709789064,326.1915376629134,330.2070007324219,22463500
2021-11-19,154.41084228889372,157.71161083201548,153.31385912302107,157.2512664794922,117305600,185.63450622558594,188.1074981689453,183.78599548339844,183.82850646972656,98734000,148.850821889898,149.83440281847206,147.78240224110786,147.8096923828125,33682000,331.5326605674157,333.9129065317172,331.10692167581175,331.9873962402344,21963400
2021-11-22,158.35803684704905,162.29544415495414,157.69201563177705,157.71160888671875,117467900,183.81900024414062,185.67300415039062,178.375,178.6284942626953,96844000,148.2126406962462,148.7059076930002,145.05152784228244,145.20486450195312,30594000,333.44842063285876,338.3347320880204,328.5427681495114,328.8136901855469,31031100
2021-11-23,157.809562751241,158.47559898556352,155.79189068171382,158.09361267089844,96041900,179.2519989013672,181.05250549316406,176.385498046875,179.0019989013672,73804000,145.05700179836145,145.5602035724951,143.03429028793806,144.68878173828125,27218000,326.1238164638615,328.44603913072973,322.74696146941744,326.7333984375,30427600
2021-11-24,157.44714936539495,158.8085891260157,156.35995538782916,158.61270141601562,69463600,178.1334991455078,180.6820068359375,176.84249877929688,179.02049255371094,46560000,144.38256427836453,145.1527458877794,143.29032269361113,145.0242156982422,18040000,325.3787981778286,327.1978588759329,323.0856312760888,326.9559631347656,21661300
2021-11-26,156.29140553118123,157.15331446693773,153.14735315261942,153.58810424804688,76959800,180.10499572753906,181.6750030517578,175.20750427246094,175.22799682617188,59826000,143.26603338725357,143.47346574331712,140.7788290261977,141.1167755126953,30470000,323.5113621421092,326.97529607751204,317.4833097911147,318.99273681640625,24217200
2021-11-29,156.09549714109664,157.87810965774673,155.5274123262941,156.9476318359375,88748200,177.3820037841797,179.8000030517578,176.5749969482422,178.07850646972656,65312000,142.92012308902753,145.20039440867032,142.8144154479387,144.43914794921875,32596000,324.0822506382553,328.0396615435642,323.88872222798085,325.71746826171875,28563500
2021-11-30,156.70277541909022,162.11915223655976,156.63420649835714,161.90367126464844,174048100,178.1750030517578,179.2884979248047,174.60049438476562,175.35350036621094,80022000,143.92106736043897,144.90513286079363,140.53961906199348,140.83340454101562,42068000,324.44993871925334,326.8301846318638,318.32512179204315,319.8732604980469,42885600
2021-12-01,164.0388470193993,166.800912709941,161.14946255292463,161.38453674316406,152052500,177.25,177.99400329589844,172.0800018310547,172.18600463867188,74916000,142.92016563047554,144.85603960858302,139.85532462287543,139.9937744140625,34020000,324.2660102897674,328.28147277875115,318.71209477852017,319.37969970703125,33337600
2021-12-02,155.47843376037946,160.82624080588923,154.55774519881157,160.39527893066406,136739200,173.0,174.63499450683594,171.1875,171.8679962158203,64726000,140.1907403286436,142.78563565182435,139.1629985850342,141.8938751220703,29194000,319.59266935097634,322.67926164029905,317.17371172788904,318.8089294433594,30766000
2021-12-03,160.64995624545222,161.57064486360198,156.43830349501886,158.51473999023438,118023100,172.75,173.49349975585938,166.92999267578125,169.489501953125,80712000,142.60352464934857,143.31712699642003,139.24886668872693,140.93661499023438,41230000,321.22787810651,321.914883312674,307.7204273838724,312.53900146484375,41779300
2021-12-06,160.91439750803002,164.43064668165096,160.9046083540242,161.92324829101562,107497000,169.64999389648438,173.69549560546875,166.9344940185547,171.36849975585938,68860000,141.96782338203911,142.77373060812116,139.09899659163847,142.0814666748047,30618000,313.44849895097053,316.83503917319246,308.8815063844426,315.6158752441406,30032600
2021-12-07,165.60596828506618,168.05460157243954,164.88116745170595,167.66281127929688,120405400,174.60000610351562,177.49949645996094,173.33450317382812,176.1645050048828,66410000,144.50465719357044,146.4246594362263,144.13842108192705,146.1651153564453,32240000,320.8891653754491,324.914283730808,319.39907963541896,324.0628356933594,31021900
2021-12-08,168.593312102322,172.34462027485748,167.19268602213367,171.48269653320312,116998900,176.15049743652344,177.17999267578125,174.75050354003906,176.1580047607422,45254000,146.48966913877248,147.28020490132727,145.30810591665517,147.0752410888672,24270000,324.44021120612,324.6240543144924,320.0764029941524,324.1112365722656,24761000
2021-12-09,171.31620335113058,173.11839407886248,170.3465390733042,170.973388671875,108923700,175.75,176.96949768066406,174.13949584960938,174.17100524902344,46062000,146.48421241020347,147.98189902251838,146.01178401342344,146.53135681152344,23270000,323.5693805212305,325.5819398325856,321.35360755345357,322.3018493652344,22214200
2021-12-10,171.61003610118843,175.93921831838114,171.1007161505561,175.76290893554688,115402700,175.41700744628906,175.927001953125,170.5,172.21200561523438,60690000,147.58489560327317,147.86031099599933,145.60386142739566,146.89163208007812,24458000,324.1208979064264,331.88090135456383,323.937054811635,331.4358215332031,38095700
2021-12-13,177.39859965742585,178.38785718223016,171.9234585953343,172.129150390625,153237000,172.0,172.10000610351562,169.1300048828125,169.5675048828125,62170000,146.67326661525007,146.86036006274796,144.42625220003177,144.73294067382812,27070000,329.636149025462,332.64534732460373,328.08801041527346,328.39764404296875,28899400
2021-12-14,171.64918787846642,174.08803193389883,168.67165647349816,170.7480926513672,139380400,167.5500030517578,169.49899291992188,166.44000244140625,169.0915069580078,55976000,142.88836698093175,143.39652088196925,140.15600616019245,142.82781982421875,38446000,322.41800725694964,323.79198810435076,313.6033108046137,317.6961975097656,44438700
2021-12-15,171.51207028188244,175.81186972926076,168.76959801571434,175.61598205566406,131063300,168.59800720214844,173.60000610351562,165.19500732421875,173.31500244140625,75794000,142.33354383149216,145.6207029675227,140.61552216017054,145.34280395507812,36370000,317.957336421835,324.3240471146296,313.98058570405783,323.8015441894531,35381100
2021-12-16,175.5963934569458,177.4181772656769,167.2416576691539,168.7206268310547,150185800,173.36849975585938,174.16600036621094,168.16050720214844,168.87100219726562,60876000,146.0668723499837,146.56957435647965,142.5300879554228,143.36181640625,33650000,324.8272760169912,325.8432558694364,312.54864556031464,314.3677062988281,35034800
2021-12-17,166.43848171398616,169.90575454907355,166.2034225016212,167.62362670898438,195432700,167.7104949951172,170.89849853515625,165.61349487304688,170.0175018310547,85542000,141.43136775160448,142.75586325436495,140.24036978888418,140.6621856689453,50416000,310.4780795572505,314.3871236713589,306.96574806993743,313.30340576171875,47750300
2021-12-20,164.82237915030305,167.07512444263497,164.01923531806577,166.26217651367188,107499100,166.85000610351562,167.87449645996094,165.60000610351562,167.07899475097656,57372000,138.95013079239632,140.7113292733153,138.27622180996892,140.54507446289062,27192000,309.6748749533144,312.33572775319794,307.2752884173399,309.5394287109375,28326500
2021-12-21,168.03502751462352,169.6413305368034,165.64515876193008,169.43565368652344,91185900,167.85049438476562,170.7165069580078,165.6475067138672,170.41700744628906,55956000,140.988241195714,142.7901327368822,139.4488771998358,142.3966064453125,28756000,312.80993510182253,317.1060062417855,309.43305015002306,316.6802673339844,24740600
2021-12-22,169.48461926274177,172.24668517933623,168.6129062856775,172.0312042236328,92135300,169.27000427246094,172.0500030517578,168.50050354003906,171.03700256347656,55036000,141.99464616719504,145.4014011115473,141.99464616719504,145.31703186035156,26322000,317.6574710399496,322.7953341481106,315.19014632592007,322.3986511230469,24831500
2021-12-23,172.23690795484498,173.2163614776015,171.66882311821325,172.65806579589844,68356600,170.42799377441406,171.97500610351562,170.14999389648438,171.06849670410156,36788000,145.4013625949283,147.13178744261347,145.35371843877124,145.8147430419922,26384000,321.96324913227005,325.4852654901964,321.94390810210103,323.8403625488281,19617800
2021-12-27,173.4514127643316,176.71299463822913,173.43183445537653,176.62484741210938,74919600,171.03700256347656,172.9429931640625,169.2154998779297,169.66949462890625,58688000,146.15172864562504,147.23156722380827,146.06587524675373,146.79734802246094,15976000,324.5853307619091,331.3777811868385,324.55630445788313,331.3487548828125,19947000
2021-12-28,176.4583204970068,177.60427913199814,174.86180674158715,175.60618591308594,79144300,170.1824951171875,172.17599487304688,169.135498046875,170.66099548339844,54638000,147.12438582390516,147.1869169068151,144.95925654337688,145.58700561523438,18200000,332.02608481270596,332.664693105843,329.2878380448936,330.18768310546875,15661500
2021-12-29,175.6453755384828,176.91866791508298,174.4798236309474,175.69435119628906,62348900,170.83999633789062,171.21200561523438,168.60049438476562,169.2010040283203,35754000,145.54480223641073,146.31151586245565,144.5552847534047,145.5552215576172,17788000,330.2360377157809,333.13878646638534,328.6685581149805,330.864990234375,15042000
2021-12-30,175.78249945588863,176.85990415292721,174.4308490078352,174.53858947753906,59773000,169.6999969482422,170.88800048828125,168.5240020751953,168.64450073242188,37584000,145.59392492050907,146.19538324277852,144.89967709451196,145.1041259765625,15688000,330.8263492460667,332.00680183767855,327.83652093832785,328.3203125,15994500
2021-12-31,174.43085959378186,175.5474359178977,173.61791144491113,173.9215545654297,64062300,168.95599365234375,169.35000610351562,166.55850219726562,166.7169952392578,47830000,144.9547612243931,145.59839661195713,143.7657470703125,143.7657470703125,18136000,327.5364893328757,328.35891115617534,324.962715335164,325.41748046875,18000800
2022-01-03,174.17620137564992,179.12244407617163,174.05867174915193,178.2703094482422,104487900,167.5500030517578,170.70350646972656,166.16050720214844,170.4044952392578,63520000,143.96722101651818,144.75725699875156,142.6352894390565,143.90420532226562,28646000,324.47890153945974,327.04299008267594,319.0894581959837,323.8983459472656,28865100
2022-01-04,178.8775573474026,179.1811854730246,175.4396667688889,176.00775146484375,99310400,170.43800354003906,171.39999389648438,166.34950256347656,167.52200317382812,70726000,144.3056527999595,145.3864907314866,142.63875836947292,143.31663513183594,28400000,323.9757928660076,324.333823368685,315.54815346488107,318.344482421875,32674300
2022-01-05,175.91962765597447,176.46811917460536,171.0517430102158,171.32598876953125,94537600,166.88299560546875,167.12649536132812,164.35699462890625,164.35699462890625,64302000,143.3369947744093,143.41589690893608,136.65548327199204,136.7418212890625,54618000,315.29653749062345,315.49975115217205,305.7368436101561,306.1238708496094,40054300
2022-01-06,169.15161788468467,171.69820298422886,168.11339955718992,168.46600341796875,96904000,163.45050048828125,164.8000030517578,161.93699645996094,163.25399780273438,51958000,135.97113194890792,138.89057101080056,135.53442915294616,136.71450805664062,37348000,302.9986098361541,308.3687131905766,301.39241851651343,303.7049560546875,39646100
2022-01-07,169.33771503993543,170.56203191509988,167.51593093187975,168.63250732421875,86709100,163.83900451660156,165.24349975585938,162.031005859375,162.5540008544922,46606000,137.109533589017,137.41027034450386,134.74837599268508,135.989501953125,29760000,303.9661611560191,306.23998686939547,300.037776956861,303.8597412109375,32720000
2022-01-10,165.6059836604726,168.95571251516662,164.71467747425172,168.65208435058594,106765600,160.5854949951172,161.6614990234375,156.30450439453125,161.48599243164062,87798000,134.06504915322984,137.7784923866588,132.1659006036538,137.62960815429688,44408000,299.45726024091306,304.5177300797264,294.8128735433539,304.0823059082031,44289500
2022-01-11,168.77941063247667,171.58063290230876,167.3102305884416,171.48269653320312,76138300,161.5,166.35000610351562,160.70150756835938,165.36199951171875,62806000,136.97207234315368,139.16450641786577,135.6674310302053,138.68809509277344,28730000,303.22111812680726,306.3463918328574,299.8442634308143,304.7692565917969,29386800
2022-01-12,172.50138178967242,173.53960032601427,171.22810392904333,171.9235076904297,74805200,166.5749969482422,166.8780059814453,164.41700744628906,165.20700073242188,50030000,140.09148951411504,141.53856351346735,139.63941518856805,140.36988830566406,26108000,309.30721526386515,312.92596558737677,306.80114975733375,307.95257568359375,34372200
2022-01-13,172.16831849084767,172.9910557649256,168.26029402106818,168.65208435058594,84505800,165.25050354003906,166.22149658203125,161.09100341796875,161.21400451660156,52188000,140.47858803319025,141.7787770936722,137.37107060354336,137.54774475097656,31436000,310.081223061755,310.4779355044873,294.145135119386,294.919189453125,45366000
2022-01-14,167.8195575274604,170.20942643626557,167.57469415475944,169.51402282714844,80440800,160.14999389648438,162.25,159.80050659179688,162.13800048828125,45974000,136.05102908212427,139.68656954146815,135.97114257121223,138.4345245361328,29662000,294.3871558975955,300.7441839022073,293.90336435133815,300.144287109375,39846400
2022-01-18,167.986029250503,168.99486494876345,165.92918629810023,166.31117248535156,90956700,159.10499572753906,159.7344970703125,157.6645050048828,158.91749572753906,67292000,135.15382402606036,136.10314842718847,134.42285105215512,134.9781494140625,34872000,294.2129087897325,299.75713933010854,291.95842433213926,292.83892822265625,42333200
2022-01-19,166.50708841129685,167.56489994287205,162.53050974989438,162.81454467773438,94815000,158.76199340820312,159.25,156.25,156.2989959716797,53242000,135.4996873505958,136.92492316466289,134.00300044131276,134.10324096679688,28648000,296.36098446324274,303.73396167938847,292.8873652813076,293.4969177246094,45933900
2022-01-20,163.54913404663756,166.19365539118294,160.80666137829382,161.1298828125,91420500,156.76600646972656,158.0,151.3509979248047,151.66749572753906,71974000,135.2282544434575,136.59394277770195,131.96738542394968,132.3078155517578,29908000,299.05084323097356,301.5471940307173,291.3779181968077,291.822998046875,35380700
2022-01-21,161.04175539217772,162.91251531175593,158.96531859071325,159.07305908203125,122848900,149.9499969482422,150.89999389648438,142.07049560546875,142.64300537109375,163972000,131.59919999940524,133.8541504970907,129.1109959938227,129.37400817871094,55652000,292.87766885666707,294.25162003175876,286.02716542406625,286.4335632324219,57984400
2022-01-24,156.73215398969816,158.96530678454897,151.52145417153005,158.2992706298828,162294600,139.0,144.94500732421875,135.3520050048828,144.54400634765625,155624000,125.03330561180694,130.21913013214655,123.56639207519133,129.8231201171875,76622000,282.7277385199471,287.4785446299873,267.1012508783427,286.7625427246094,85731500
2022-01-25,155.71347420233516,159.41580630840494,153.7937541930319,156.49703979492188,115798400,142.24249267578125,143.60000610351562,138.14500427246094,139.98599243164062,90824000,127.77458838881343,128.4286431769589,125.55188038782858,125.98311614990234,46960000,282.0698065330309,285.42732097416655,275.9256776481644,279.1380310058594,72848600
2022-01-26,160.14065107987773,161.01236411791442,154.5773622405594,156.408935546875,108275300,144.75,145.18499755859375,137.31849670410156,138.87249755859375,95602000,130.13574398925348,132.0026351291837,126.18856248123481,128.26388549804688,49130000,298.0058564603818,298.4993332025726,283.5308241295649,287.0915222167969,90428900
2022-01-27,159.11219273840805,160.47363228871149,155.02787408749768,155.9485626220703,121954600,140.8000030517578,144.24349975585938,139.35000610351562,139.6374969482422,77516000,130.31933794967972,131.6577209195891,127.96561639041133,128.03758239746094,31950000,292.848647044969,297.3382163920615,288.2719692510956,290.12005615234375,53481300
2022-01-28,162.30523687541563,166.8499002604039,159.4550237648548,166.83030700683594,179935700,140.86050415039062,143.9980010986328,137.92950439453125,143.97799682617188,74392000,128.68666808776362,132.35644978053813,127.52147605383999,132.35098266601562,34362000,290.49746041765246,298.4800203242128,284.90483174909696,298.26715087890625,49743700
2022-01-31,166.66380312140188,171.4043542462614,166.02714940989443,171.18887329101562,115541600,144.75,150.36050415039062,144.30050659179688,149.57350158691406,78308000,133.15591425848223,134.45708760059057,131.21805677014638,134.28884887695312,39986000,298.93473377389125,302.2535358676551,296.4383534812512,300.89892578125,46444500
2022-02-01,170.43466091747592,171.2476089382928,168.7695933203212,171.0223388671875,86213900,150.0,151.70799255371094,147.62750244140625,151.19349670410156,59220000,136.56265758061303,136.75967057677127,133.36085185882231,136.61178588867188,68644000,300.3474521401161,300.56032158802805,295.2386149185201,298.7509460449219,40950400
2022-02-02,171.15949584991125,172.266283066221,169.7686736999572,172.2270965576172,84914300,155.05050659179688,155.0749969482422,148.86349487304688,150.6125030517578,87330000,150.11578031488366,150.41005044814193,144.43123734697568,146.89015197753906,123200000,299.5926633463742,304.90468340297207,298.8669762554386,303.2984924316406,36636000
2022-02-03,170.89499578620112,172.61884304001376,168.5834855601735,169.3474578857422,89418100,141.7375030517578,144.24749755859375,138.33299255371094,138.8455047607422,225532000,144.61286316505112,148.55259367465578,141.5956515737135,142.0169677734375,71518000,299.4572180160596,301.140832317367,290.2361542912409,291.4843444824219,43730000
2022-02-04,168.3668209831939,170.7401317063237,167.38611951437943,169.06312561035156,82465400,155.60650634765625,161.1999969482422,150.60800170898438,157.63949584960938,253456000,142.36879793327233,143.78856670322708,139.46126220909318,142.2184295654297,57998000,290.478047823017,298.78958120984197,290.24583738111943,296.0223083496094,35096500
2022-02-07,169.52403712153145,170.59299800892276,167.65089393875687,168.34719848632812,77251200,158.52000427246094,162.6909942626953,157.25,157.9355010986328,102624000,143.1682685356502,143.1682685356502,137.85838215439898,138.15713500976562,54974000,296.24490687098387,297.8607539820601,290.17814242426635,291.1941223144531,28533300
2022-02-08,168.4158139278121,171.965962469506,168.12160057312957,171.45599365234375,74829200,156.75050354003906,161.79249572753906,155.55050659179688,161.4134979248047,76040000,137.98391830799312,138.9501133635439,135.98651345726427,138.35362243652344,54284000,291.48431505090974,295.6545945073007,290.2264692371071,294.68701171875,32421200
2022-02-09,172.65247937368048,173.2408912177467,171.524663818335,172.87803649902344,71285000,162.87350463867188,163.83450317382812,160.25,161.1894989013672,68786000,139.90640076704875,141.45569926676154,139.13571933998102,140.53018188476562,40144000,299.8249328306882,301.81815140418445,297.4253459420539,301.1214904785156,31284700
2022-02-10,170.7792993410732,172.0934353035554,168.23928692904147,168.79827880859375,90865900,158.35000610351562,160.7165069580078,157.75,159.0034942626953,68268000,138.65586088469732,140.42349572216153,136.92245230630547,137.58047485351562,39330000,294.18395014827564,299.09925890544037,290.9522263996024,292.5777587890625,45386200
2022-02-11,169.00425774018962,169.73978371917386,164.79704076038374,165.38546752929688,98670700,158.13450622558594,159.0,152.73399353027344,153.2935028076172,77100000,137.5606404788322,138.11295539537267,132.39962332012644,133.2755126953125,39958000,293.3614411464584,294.42578816713433,284.68222196376286,285.47564697265625,39175600
2022-02-14,164.13996586391173,166.30732224292808,163.34560023389338,165.62083435058594,86185500,151.75100708007812,158.44850158691406,151.64999389648438,155.16700744628906,83230000,132.25719261759903,135.27787180639476,132.25719261759903,134.50967407226562,34302000,284.2469042774953,287.1399981068605,281.905369483809,285.4370422363281,36359500
2022-02-15,167.670544783248,169.6123296574051,166.96443847186035,169.45541381835938,62527400,157.60549926757812,158.0070037841797,154.6374969482422,156.510498046875,56440000,136.5388523034239,137.07282740423187,134.80297510881232,135.58407592773438,26680000,290.28456489456636,291.04893415052186,287.3914718484893,290.7296447753906,27058300
2022-02-16,168.53352854543166,169.99476394129306,166.7682631690513,169.2200164794922,61177400,155.79049682617188,158.83399963378906,154.7344970703125,158.10049438476562,52704000,135.62178690030257,137.05049099274288,133.9122003011313,136.70510864257812,25022000,289.294594295298,291.71855279506,284.7472457825976,290.3902282714844,29982100
2022-02-17,167.72933608370406,168.5923579851135,165.2187432406735,165.62083435058594,69589300,158.14599609375,160.3489990234375,154.5,154.65249633789062,64032000,135.22129248130244,136.08526315724788,131.48502706977027,131.54507446289062,38950000,287.34578532918516,287.772404486028,281.17924775374655,281.8870544433594,32461600
2022-02-18,166.5426908818598,167.24878200376986,162.98274061084325,164.07131958007812,82772700,155.49949645996094,155.49949645996094,150.89300537109375,152.60150146484375,63604000,132.46611275498591,133.06460279138676,129.2201459554218,129.4250946044922,45620000,284.13647420172526,284.92183458390497,277.601489929,279.1722106933594,34264000
2022-02-22,161.79608567118115,163.47309136847835,159.0206993785114,161.14883422851562,91162800,150.47850036621094,152.9824981689453,148.48550415039062,150.19749450683594,66128000,128.8643182954154,131.18925024339552,127.26192379084993,128.8400115966797,44990000,276.33132880972005,282.6724139032119,275.8465370047907,278.9685974121094,41736100
2022-02-23,162.34528786351217,162.94351625967545,156.6670338772365,156.98086547851562,90009200,151.65049743652344,151.76300048828125,144.6510009765625,144.82699584960938,64244000,130.66126157793636,131.0607395809099,126.57116292849084,126.63121032714844,32786000,281.35375501257334,282.8275409854315,271.5803655847503,271.74517822265625,37811200
2022-02-24,149.63542023803691,159.70722772731528,149.0666116347653,159.59934997558594,141147500,139.83749389648438,151.74899291992188,139.5,151.35800170898438,100786000,124.01645216954687,132.00261130443673,124.01645216954687,131.6959228515625,54456000,264.2212733214886,286.1823390203235,263.26136530225386,285.6296691894531,56989700
2022-02-25,160.6781069290293,161.9334034703252,157.76542269815738,161.6686248779297,91974200,150.5500030517578,153.99000549316406,149.2135009765625,153.7884979248047,62396000,132.55046098165332,134.2570637049049,130.76345685402558,133.45115661621094,36406000,286.1628965358633,288.57715005097384,282.7790299038215,288.2668762207031,32546700
2022-02-28,159.9131229462421,162.2275781983388,159.29527644930639,161.93336486816406,95056600,152.4250030517578,154.4499969482422,150.85000610351562,153.56300354003906,57684000,132.05225159221422,134.73348521833475,131.5981781769132,134.04420471191406,38864000,285.35818899427073,290.041295042324,284.08803665827065,289.7019348144531,34627500
2022-03-01,161.52149747345592,163.3848388800103,158.84418717486,160.05044555664062,83474400,152.7324981689453,154.0989990234375,149.9770050048828,151.14199829101562,44874000,133.86701155976328,135.2336840515846,132.2194717648457,133.05613708496094,26496000,287.3846692197042,290.8460909305995,283.2639375417869,285.9787902832031,31217800
2022-03-02,161.21747641613547,164.13016029917193,159.8052642347465,163.34559631347656,79724800,150.8489990234375,152.99949645996094,148.75,152.05250549316406,47334000,133.61841172309505,134.24814455333347,132.07358086324874,133.5623321533203,23520000,286.3761603919426,292.30033079862653,284.7666778653276,291.05926513671875,31873000
2022-03-03,165.21873348759095,165.65024441282299,162.3550877597844,163.02195739746094,76678400,153.531494140625,153.9290008544922,146.8560028076172,147.89849853515625,65198000,134.99004795968622,135.41633147676816,132.02793179963612,132.8953857421875,24604000,293.6771257975704,293.90981634147147,285.1059826322842,286.91912841796875,27314500
2022-03-04,161.3155594882437,162.35510045432284,158.9716840195684,160.02102661132812,83737200,147.15899658203125,147.85000610351562,143.8070068359375,145.64100646972656,60934000,131.93066729654552,132.84773411932804,129.36007848583986,130.9173126220703,30430000,285.3387653764105,286.667090171543,278.43533489207505,281.0434875488281,32356500
2022-03-07,160.2073838791356,161.83535182075346,155.97074658012755,156.22573852539062,96418800,145.44349670410156,146.09449768066406,137.41650390625,137.4530029296875,86934000,130.50197452038165,130.74711632419786,125.3479086063169,125.4307861328125,45112000,279.75393295465517,280.8786533930493,270.0580977160932,270.4265441894531,43157200
2022-03-08,155.75499927047608,159.73664445127486,152.7932769334802,154.40162658691406,131148300,136.68350219726562,140.69949340820312,133.57249450683594,136.01449584960938,91662000,125.30324479087164,130.26574953506457,124.73206001019544,126.15133666992188,40428000,269.35029539224405,275.3229335452845,261.7875556211475,267.4596252441406,48159500
2022-03-09,158.36365040568722,160.2564117997747,156.33360638496927,159.80528259277344,91454900,139.5,140.25,136.8280029296875,139.2790069580078,82656000,130.26575405375206,132.73261936692816,128.92637143258065,132.4194793701172,37026000,274.8187631313371,280.79140133597923,272.2396673436956,279.724853515625,35204500
2022-03-10,157.10835602606574,157.29469168011647,152.96979505950804,155.46078491210938,105342000,145.68499755859375,148.67449951171875,143.97799682617188,146.8175048828125,135062000,130.28164376257828,132.27259751382948,129.9307942927176,131.43641662597656,27102000,274.4114838671448,277.8826090174122,272.0456979983827,276.9033203125,30628000
2022-03-11,155.8628386400447,156.20609005481433,151.51833939243923,151.743896484375,96970100,149.57449340820312,149.6750030517578,145.36900329589844,145.52450561523438,68900000,132.48745580910284,132.7921603804447,128.659385038366,128.89659118652344,31526000,279.2013310407606,280.70420362127237,270.93078275757216,271.55133056640625,27209300
2022-03-14,148.52722554311967,151.14569651195163,147.20328761828517,147.71324157714844,108732100,145.9810028076172,147.4499969482422,140.88400268554688,141.85299682617188,74086000,129.27325019146025,129.43105445194786,124.33555942411138,125.00648498535156,38812000,271.81307809759875,276.7191690212427,267.43057063229696,268.0317077636719,30660700
2022-03-15,147.98782853142856,152.56771702935066,147.4778746009712,152.0969696044922,92964300,142.85000610351562,147.98500061035156,142.0,147.3665008544922,75584000,126.02378891344858,128.8807121292498,124.77770327867377,128.2291259765625,30920000,271.8227376508679,279.0655275130415,270.2520171295623,278.4158935546875,34245100
2022-03-16,154.01915688013034,156.9122229988077,151.4791438617729,156.5101318359375,102300200,148.5,153.14999389648438,147.35350036621094,153.10400390625,84958000,129.75262441968042,132.33311772405185,127.76910672795162,132.28102111816406,35576000,280.3163601112209,285.6103089993616,274.58614585308817,285.435791015625,37826300
2022-03-17,155.54905912498893,157.8929350151505,154.5879758844706,157.520263671875,75615400,152.6405029296875,157.49850463867188,152.13999938964844,157.23899841308594,72934000,132.15051431173177,133.07503224064973,131.19373888959393,132.83534240722656,28264000,284.3692195417673,286.61863130022596,280.5684383130834,286.2405090332031,30816600
2022-03-18,157.41236437319773,161.30574983268542,156.67683837905244,160.81539916992188,123511700,156.81300354003906,161.593994140625,156.01100158691406,161.25050354003906,102962000,132.42391159610446,135.2222711269813,131.26665539517276,135.1046600341797,44566000,286.3859015665902,291.8446619377946,283.8262162636274,291.2919921875,43390600
2022-03-21,160.35449358427547,163.1396971599505,159.86414284434693,162.18841552734375,95811400,161.12100219726562,163.08399963378906,159.55299377441406,161.4915008544922,66538000,135.142372596908,136.0222295923704,133.08690441023836,135.08084106445312,26832000,289.79883101325805,291.01081040705833,285.93017266749587,290.06060791015625,28351200
2022-03-22,162.31586266906788,166.1504082464849,161.72745088254396,165.56199645996094,81532000,161.8054962158203,166.16700744628906,161.69900512695312,164.88900756835938,64086000,135.08087260988333,139.99226524903366,135.08087260988333,138.81912231445312,35496000,290.6811188141461,295.72296480391606,289.6824490018245,294.8115539550781,27599700
2022-03-23,164.74802792669965,169.30828329467843,164.41457808924804,166.92518615722656,98062700,163.7050018310547,166.3699951171875,162.68699645996094,163.4080047607422,55812000,137.66238634358538,138.54174391317144,136.80139888907567,137.23858642578125,25154000,291.3696401752131,294.0069093216569,288.66449306063384,290.3806457519531,25715400
2022-03-24,167.75875768604743,170.77931940838405,166.9251705809909,170.71067810058594,90131400,163.74949645996094,164.11849975585938,160.0500030517578,163.64950561523438,56798000,138.15613908829116,140.55700535804056,136.71751540077963,140.51036071777344,26396000,290.0412760670834,294.9473671178432,289.2462103485092,294.85040283203125,24484500
2022-03-25,170.52435897204094,171.89733490405604,169.4161616355689,171.34814453125,80546200,164.0,165.36849975585938,162.25,164.77349853515625,49032000,140.8517391159604,140.96984997833374,138.68957886194843,140.61056518554688,24126000,295.9459874387846,296.20776433611707,290.18665898274526,294.443115234375,22566500
2022-03-28,168.84735290472764,172.33864738407132,168.68063546771577,172.21116638183594,90371900,164.97500610351562,169.03750610351562,164.89999389648438,168.99049377441406,59854000,139.843898886727,140.9376400677681,138.76306070462317,140.39474487304688,35050000,295.0733614546366,301.346568476762,295.0733614546366,301.2496337890625,29578200
2022-03-29,173.28009079226467,175.55530970776783,172.93683939967303,175.50628662109375,100589400,170.38400268554688,170.8314971923828,167.86849975585938,169.31500244140625,66154000,141.57779246166834,142.71519472589625,140.97335063207385,141.4368438720703,34318000,304.36196991762364,306.2138780134715,299.6497785681732,305.81634521484375,30393400
2022-03-30,175.1042096873483,176.14375060919454,173.28990640459241,174.33926391601562,92633200,168.50950622558594,168.95050048828125,165.5,166.30099487304688,56168000,141.39167328610918,141.65021781088518,140.53812197630958,140.87408447265625,19884000,304.21660289540057,306.339993647316,302.10288786010216,304.31353759765625,28163600
2022-03-31,174.40792609212167,174.59426174462104,171.03431102289065,171.24026489257812,103049300,166.44500732421875,166.4949951171875,162.95350646972656,162.99749755859375,59966000,140.9877281817403,141.04232360786241,137.98195087256153,138.02462768554688,37524000,304.3522806882295,305.55458445151703,298.5251034770213,298.93231201171875,33422100
2022-04-01,170.6714802176125,171.5050824752612,168.6218176816175,170.94607543945312,78751300,164.14950561523438,165.82699584960938,162.3195037841797,163.55999755859375,57090000,138.453883236437,139.4175947580096,137.2703210012843,139.09950256347656,25942000,299.9601090176987,300.69700210930256,296.24661641051176,300.00860595703125,27110500
2022-04-04,171.2010287452735,175.04537594723365,171.07353279095375,174.996337890625,76468400,164.125,168.39450073242188,163.20550537109375,168.34649658203125,49882000,139.305971501773,142.63432431956434,139.25832732948422,141.8993682861328,25942000,300.65813736226033,305.525435773219,300.2896909060564,305.38970947265625,24289600
2022-04-05,174.07449332905188,174.85905741860927,171.0539313110609,171.68157958984375,73401800,167.7415008544922,168.11050415039062,163.26600646972656,164.05499267578125,53728000,141.79761431614833,141.91819372538492,139.32976482705615,139.5366973876953,21418000,303.7414533090585,305.29279303590346,300.444874882853,301.4241638183594,23156700
2022-04-06,169.03368653783352,170.27918145157616,166.846726701127,168.513916015625,89058800,161.65049743652344,162.1999969482422,157.25450134277344,158.75599670410156,79056000,137.7095002017028,138.31542612185672,134.50074308822178,135.52401733398438,32468000,295.9071601840896,297.66210377077033,287.68508230073564,290.3902282714844,40110400
2022-04-07,167.85684898260146,170.01438898962488,166.57213259059588,168.81793212890625,77594700,158.39999389648438,160.07899475097656,154.51150512695312,157.7845001220703,68136000,134.99004046750798,136.13589316323527,133.2209064212302,134.8694610595703,26234000,287.63663922691137,294.4140182952895,287.3360707147367,292.203369140625,31411200
2022-04-08,168.46488285345913,168.46488285345913,165.9346714824091,166.8074951171875,76575500,156.75,157.36849975585938,154.2310028076172,154.4604949951172,46002000,134.56673589726554,134.65258928092018,131.96837241273985,132.2879638671875,25142000,291.30165053832746,291.9609601748586,287.2681798847174,287.93719482421875,24361900
2022-04-11,165.4541214198734,165.76793805160875,162.306063690876,162.55123901367188,72246700,152.71299743652344,154.13650512695312,150.5345001220703,151.1219940185547,52112000,130.83495535168646,131.10193533045702,127.70361595123991,127.85745239257812,36884000,282.9148461789771,283.7098823533749,276.33136433660695,276.5834655761719,34569300
2022-04-12,164.7774763695221,166.59176523364118,163.42410346043255,164.42442321777344,79265200,153.6925048828125,155.0989990234375,150.38299560546875,150.78750610351562,55178000,130.6131276162825,130.6131276162825,125.83820106848967,126.75675964355469,32710000,280.44234644172155,281.89672181810613,271.95849007947834,273.4807434082031,30966700
2022-04-13,164.15957544885293,167.73912889065093,163.55154548536066,167.11148071289062,70618900,150.01849365234375,156.02499389648438,149.60000610351562,155.54100036621094,53390000,127.04011273465291,129.35660942683415,126.78305234113374,128.91990661621094,27928000,274.130364433045,279.80240446057144,272.74383748539003,278.8716125488281,21907200
2022-04-14,167.3272211904121,167.96468590036903,161.8549071161648,162.10008239746094,75329400,155.38999938964844,155.89700317382812,151.4720001220703,151.7064971923828,51598000,129.50102631616858,129.50102631616858,125.65160219249142,125.7796401977539,31598000,279.327406052822,279.540715682065,270.8241663935471,271.3186340332031,28221600
2022-04-18,160.75656858845937,163.38485607115766,160.41333208367593,161.88438415527344,69023900,151.52349853515625,154.0395050048828,150.25050354003906,152.78500366210938,46514000,126.04762222036051,127.25102357948299,125.23575564563903,126.71904754638672,20808000,270.42653361861943,273.8685431580262,269.8738639301832,271.987548828125,20778000
2022-04-19,161.8353289533827,164.58129552240263,160.7467499371193,164.1693878173828,67723800,152.0294952392578,158.6490020751953,151.55050659179688,158.11549377441406,54926000,126.73394682499422,129.355633163312,126.04713475929695,129.03407287597656,26490000,270.88224409138223,277.46572436879006,269.94174690889537,276.6221618652344,22297700
2022-04-20,165.50317284085372,165.62086719167417,162.89451833268143,164.00270080566406,67929800,157.6024932861328,157.6024932861328,153.60350036621094,153.9980010986328,59630000,129.91043648589024,130.41363823819555,126.54387486028567,127.07981872558594,31696000,280.59747515624474,280.8883679766164,276.690054609588,277.6499328613281,22906700
2022-04-21,165.65029565302405,168.2197288207586,162.70819112289107,163.20834350585938,87227800,154.71400451660156,156.73800659179688,147.58949279785156,148.29600524902344,63970000,128.2807486036101,129.12288118231135,123.59266724701,123.87850952148438,36446000,279.80245359132033,284.3788898792056,271.5416110467196,272.268798828125,29454600
2022-04-22,163.2475363117759,164.63031369845396,158.38325153783305,158.6676483154297,84882400,148.25,149.61500549316406,143.69749450683594,144.35000610351562,73078000,124.06261542731319,124.46160122256957,118.03317534641822,118.73834228515625,56884000,273.1123477234531,274.58613398289475,265.06481431264797,265.6950378417969,29405800
2022-04-25,158.01060452122857,160.02104538080667,155.40195017437114,159.7366485595703,96046400,144.0229949951172,146.22149658203125,142.30650329589844,146.07400512695312,61874000,118.20784869517621,122.35302716632054,117.62227679355271,122.15105438232422,46128000,264.9774895553303,272.5596102250069,262.5341201377057,272.1814880371094,35678900
2022-04-26,159.11880660312406,159.20706614015833,153.69552890649263,153.77398681640625,95623200,144.8000030517578,144.8560028076172,138.92950439453125,139.39100646972656,77530000,121.37740906871237,121.59129290122091,117.62228107667312,117.76023864746094,73054000,269.05951520621727,269.89334310450863,261.78763641686004,262.0009460449219,46518400
2022-04-27,152.90116485569044,156.70627626102967,152.38139429047249,153.54843139648438,88063200,140.19149780273438,141.94850158691406,135.7834930419922,138.16700744628906,71336000,113.6110762978176,116.3627840575596,111.89107816216398,113.43739318847656,91820000,273.5195094539181,282.1197103075881,270.66893161567555,274.6054382324219,63477700
2022-04-28,156.17670074562366,161.34500140614668,155.86286910913438,160.4819793701172,130216800,142.17799377441406,145.9375,140.3000030517578,144.59649658203125,117316000,115.54200349366656,118.75224503349594,113.25924819107051,117.63369750976562,48884000,276.515542164648,282.129439349792,272.898984777169,280.82049560546875,33646600
2022-04-29,158.71671584912355,162.9925746827483,154.21529987659397,154.60757446289062,131747600,129.8489990234375,130.76100158691406,121.625,124.28150177001953,272662000,115.85909917190497,117.03571013783196,112.96099821693325,113.2537841796875,42676000,279.83153709016864,281.0629273247488,268.0898927013259,269.078857421875,37073900
2022-05-02,153.68574417467673,155.17639973396098,150.31212849909627,154.91162109375,123055300,122.4010009765625,124.66799926757812,118.375,124.5,148788000,112.55457077295934,115.87002012682098,111.75560719290151,115.708740234375,35534000,269.26307913115687,276.27317988457435,267.81840889699976,275.8174743652344,35151100
2022-05-03,155.09793269514185,157.6085410477987,153.303262159751,156.4022674560547,88966500,124.05349731445312,126.22049713134766,122.82499694824219,124.25350189208984,79134000,115.55738116745341,117.55380196982412,115.16435465778821,116.45410919189453,24968000,275.3229748824453,275.4878171281924,271.6288634100802,273.20928955078125,25978600
2022-05-04,156.58859524312854,163.26716957480116,156.1865040661354,162.81605529785156,108256500,123.5999984741211,126.0,119.18299865722656,125.92849731445312,110746000,116.15386376942432,121.93319422008773,114.2527239889675,121.34414672851562,49916000,273.99464411060274,282.03250097169206,268.3128980413791,281.1598815917969,33599300
2022-05-05,160.68791986588977,160.91347698312873,151.9596689981739,153.7445526123047,130525300,123.0,123.4990005493164,115.07250213623047,116.40699768066406,144392000,119.30257916034165,120.13131649355361,114.14306171660925,115.6318130493164,45840000,276.85492446483426,277.64028485633924,265.99557571933246,268.9140319824219,43260400
2022-05-06,153.22400390708842,156.59275954886184,151.42668182783396,154.47132873535156,116124600,114.8499984741211,119.05049896240234,113.08149719238281,114.77249908447266,124260000,114.32072750015296,116.68982830154226,113.16049515980836,114.87850952148438,39710000,266.4512719319163,270.7562255668046,263.0189376361337,266.37371826171875,37780300
2022-05-09,152.16327128379606,153.04720818256274,148.78471498335946,149.3445281982422,131577900,111.3125,114.0,107.95700073242188,108.78900146484375,128124000,112.40072341287154,114.2140259534267,111.1605970905631,111.66726684570312,40802000,261.84573831970226,264.0757687100623,255.31075448225116,256.53240966796875,47726000
2022-05-10,152.74276671948687,153.9409814618481,150.19900690567323,151.75079345703125,115366700,111.25,112.64250183105469,107.1709976196289,108.85900115966797,105434000,114.64130019962774,115.37823243873659,112.05384804886181,113.53713989257812,39900000,263.42615521933493,265.42349495118094,257.00751689764115,261.3027648925781,39336400
2022-05-11,150.7588463480562,152.67402087769284,143.20616949802272,143.88385009765625,142689800,108.10350036621094,110.15599822998047,104.42849731445312,105.37200164794922,109704000,112.3873271847055,115.49186823856594,112.3873271847055,112.75057983398438,37534000,257.59893757945724,263.10616476658646,251.41299010553567,252.62496948242188,48975900
2022-05-12,140.22044713133192,143.58918770892123,136.32134136947613,140.01419067382812,182602000,102.75,110.78050231933594,102.40550231933594,106.93049621582031,132026000,110.54227032758833,113.437887434489,109.00091505173944,111.99777221679688,53836000,249.85202850661503,251.9754191978942,242.4153232289675,247.5832061767578,51033800
2022-05-13,142.00796811078922,145.45529757679608,140.55440153354604,144.48297119140625,113990900,109.06900024414062,113.18399810791016,107.80000305175781,113.05500030517578,93684000,113.67411472444665,116.9910559293026,112.75307997098307,115.18023681640625,35038000,249.52233865963544,255.03927156224293,247.5831715118463,253.1776580810547,34925100
2022-05-16,142.95079475797485,144.88561601712348,141.60524980458257,142.9409637451172,86643800,113.0999984741211,113.99250030517578,110.35399627685547,110.81050109863281,74566000,114.0934388924006,115.2988317009477,113.03543859089471,113.5867691040039,25990000,252.0529146897847,257.73468930316983,248.00006282048204,253.54608154296875,32550900
2022-05-17,146.20167134886358,147.0954242427805,144.06059381103506,146.57489013671875,78336300,113.2750015258789,115.80000305175781,111.27649688720703,115.36849975585938,76448000,115.96430800340062,116.02336344596293,114.00858771379083,115.59956359863281,23054000,258.0158894934678,260.16836636831925,254.4769151081099,258.7043151855469,28828800
2022-05-18,144.2275834099531,144.72847052072004,137.4016833512006,138.30526733398438,109742900,111.43949890136719,112.85299682617188,106.2490005493164,107.11250305175781,108380000,114.13760728159772,114.53460916918733,110.71893406247878,111.06035614013672,35126000,255.59442633817832,256.17753742497484,245.6524875951275,246.92559814453125,31356000
2022-05-19,137.38205052865445,139.13026237954173,134.160625433561,134.89723205566406,136095600,106.28050231933594,110.03399658203125,106.19300079345703,107.31900024414062,88142000,110.59586629730997,112.16252780264969,109.1750980007813,109.55622100830078,34144000,246.75061832907582,250.41448076629942,244.78750863973613,246.01202392578125,32692300
2022-05-20,136.60611694229152,138.1873660432014,130.24184145556765,135.13290405273438,137426100,109.56849670410156,109.89800262451172,105.0094985961914,107.59100341796875,99500000,111.11148091743463,111.34224316526112,105.00313796087478,108.09130096435547,48962000,249.99659233543315,251.260004557282,239.5007120368587,245.44837951660156,39199300
2022-05-23,135.32940758304113,140.70172822129726,135.1919082334057,140.55441284179688,117726300,108.46099853515625,108.81900024414062,103.94999694824219,107.55699920654297,107798000,108.76569397448277,111.30649385728398,107.92553778216092,110.65193939208984,37184000,248.2958846153238,254.1366489134325,246.29387790737587,253.31057739257812,33175400
2022-05-24,138.2954308094958,139.43471927603565,134.87758039617586,137.8534698486328,104132700,104.0250015258789,105.4000015258789,101.26000213623047,104.0999984741211,102934000,104.9788178581926,105.66017033298499,101.12046571648337,105.17533111572266,76780000,250.62833324775218,253.97144225049283,246.3619328763729,252.30960083007812,29043900
2022-05-25,135.95794665102005,139.25794526331134,135.86955744381711,138.01063537597656,92482700,103.65550231933594,108.17500305175781,103.6500015258789,106.7750015258789,93120000,104.19821542605251,105.70136171766619,103.07768392252879,105.0115737915039,40258000,250.8713320113654,257.1299678018951,249.88976200722672,255.1279754638672,28547900
2022-05-26,134.93649979225893,141.76238425203672,134.6909642722216,141.21238708496094,90601500,107.97000122070312,112.66549682617188,107.45349884033203,111.07749938964844,93002000,104.88452423587293,107.83472935545615,104.43591035610642,106.98416137695312,37948000,254.88492936958542,259.58863995946916,254.06858584488728,258.4127197265625,25002100
2022-05-27,142.79363900414174,147.0070220098635,142.66595573580807,146.96774291992188,90978500,113.55000305175781,115.18699645996094,112.62799835205078,115.14649963378906,93660000,108.66198784959495,111.47572725445181,108.32006598746688,111.47423553466797,37914000,260.9200741156522,265.6432106108874,260.0259666889206,265.5460205078125,26910800
2022-05-31,146.40795612568894,147.9695587462053,144.21776806233134,146.1820526123047,103718400,116.27999877929688,121.99449920654297,115.67500305175781,120.20950317382812,144634000,111.90100218674581,114.86709364566386,111.2380123045194,112.90888977050781,50012000,264.85604928536924,267.03296546550257,261.35741281139883,264.2146301269531,37827700
2022-06-01,147.2231036462002,149.03025660842948,145.04274685421817,146.0543670654297,74286600,122.25599670410156,125.17900085449219,120.62249755859375,121.68399810791016,127528000,113.99370924094364,116.22336092906039,112.40074175451693,113.03792572021484,36606000,267.45095690332687,269.87083423371934,262.43624812483444,264.7492370605469,25292200
2022-06-02,145.19008953159607,148.5686612441736,144.23741035730646,148.50973510742188,72348100,121.68399810791016,125.61000061035156,120.04499816894531,125.51100158691406,100560000,113.14511550095038,117.0153712027361,112.09951834898774,116.74044799804688,37992000,257.00365318916437,266.9164247363246,254.23389729427143,266.848388671875,44008200
2022-06-03,144.27667399411106,145.32757327458623,141.8802597672709,142.78382873535156,88570300,124.19999694824219,124.4000015258789,121.04650115966797,122.3499984741211,97604000,115.19213472594434,115.4491951222644,112.66721372995826,113.68204498291016,26136000,262.69859051173177,265.75018841702905,260.85209677085874,262.416748046875,28059000
2022-06-06,144.40436412307008,145.91687147884687,142.31239647541148,143.53025817871094,71598400,125.25,128.99000549316406,123.80999755859375,124.79000091552734,135269000,115.8293229932543,118.45200851593447,115.29287939106017,115.9444580078125,33542000,264.39925834908735,266.459558068701,259.69554794096325,261.1824645996094,22400300
2022-06-07,141.77222665254513,146.33918169758047,141.52669111278408,146.0543670654297,67808200,122.01000213623047,124.0999984741211,120.62999725341797,123.0,85156700,114.61449812422804,116.80842394302496,114.18921415892557,116.27098083496094,31590000,259.13186556551983,265.43910823182773,258.4515645635647,264.82684326171875,22860700
2022-06-08,145.9266723185644,147.19362901017018,144.8266779825161,145.3177490234375,53950200,122.61000061035156,123.75,120.75,121.18000030517578,64926600,115.88591085062366,117.68135097510425,115.72562289754279,116.31517028808594,26108000,264.0591589961378,265.3128433735348,262.01828503853517,262.7957763671875,17372300
2022-06-09,144.45347180040457,145.30793069054988,139.98472194082933,140.09275817871094,69473000,119.98999786376953,121.30000305175781,116.0999984741211,116.1500015258789,67029800,115.45515051267915,117.41187026218664,113.91528690568272,113.9743423461914,25798000,260.23981256874225,265.03098582947564,257.1785166356976,257.3340148925781,26439700
2022-06-10,137.77489399581836,138.24631801246798,134.61239520262438,134.68115234375,91437900,113.41999816894531,114.5,109.05000305175781,109.6500015258789,87266000,111.60177178540827,112.42951723475551,109.53835989670536,110.32789611816406,41452000,253.24253313611206,253.24253313611206,245.41921820228913,245.86627197265625,31422800
2022-06-13,130.49724415866797,132.78563754326257,129.09278784637604,129.52493286132812,122207100,104.19000244140625,106.54000091552734,101.86000061035156,103.66999816894531,99277700,105.98570048108614,107.97566213644032,105.32321034517643,105.59465789794922,47252000,238.20817089954593,242.00807632258994,234.728975085956,235.43841552734375,46135800
2022-06-14,130.75260877313121,131.49903152365633,129.1320649915738,130.3892059326172,84784300,104.19000244140625,104.87999725341797,101.43000030517578,102.30999755859375,69728800,105.73609475699467,107.1151707392392,105.00660593631495,105.91523742675781,33706000,236.99335622167607,238.82042366109098,234.70952192240742,237.60562133789062,28651500
2022-06-15,131.8918636674431,134.88740024350506,129.79991106375064,133.01150512695312,91533000,103.86000061035156,109.05999755859375,103.52999877929688,107.66999816894531,85011100,107.73101553417992,110.58793144263325,106.8620849971601,108.94137573242188,39698000,241.31803197634346,248.11121141212573,239.48125159041146,244.67088317871094,33111700
2022-06-16,129.72134292932262,130.0258046120006,126.73562226384061,127.73741149902344,108123900,104.47000122070312,104.58000183105469,102.01000213623047,103.66000366210938,82186300,106.416937075221,107.83372995527769,104.34955756910561,105.23834228515625,51684000,239.05363738085111,240.4530919195721,236.17699401048355,238.07208251953125,33169200
2022-06-17,127.74724995941777,130.70349274398822,127.49188338256819,129.21063232421875,134520300,102.80000305175781,106.9800033569336,102.51000213623047,106.22000122070312,99772100,105.23835774506158,107.88436583223476,104.25825995731333,106.34003448486328,51376000,237.8096750068656,243.44636016411593,237.15854280907575,240.67660522460938,43084800
2022-06-21,131.03743398602646,134.61243163462674,130.93922874022462,133.4436798095703,81000500,108.19999694824219,111.62999725341797,103.55999755859375,108.68000030517578,70901200,108.11263143059072,111.64594004037723,107.78560405644993,110.70752716064453,47416000,243.21316362761155,247.57673936751254,242.48428215744224,246.59518432617188,29928300
2022-06-22,132.38295585554104,135.29991972582334,131.5186808102628,132.93296813964844,73409200,107.43000030517578,112.12999725341797,107.0199966430664,108.94999694824219,60040100,109.72743298190343,112.49650392931514,109.55473424500163,110.65145111083984,30774000,244.79726053472527,249.92859951301043,243.32005666477755,246.00234985351562,25939900
2022-06-23,134.37669341757493,136.11507419750754,133.2079418850883,135.80079650878906,72433800,110.38999938964844,113.0,107.93000030517578,112.44000244140625,64345300,111.38987212109173,111.8970416953208,109.67185771563075,111.4002914428711,28362000,248.37361521052824,252.06660217631952,246.48823975143515,251.57095336914062,25861400
2022-06-24,137.40168446081998,139.37579982628543,137.27401616859356,139.13026428222656,89116800,112.37999725341797,116.70999908447266,111.43000030517578,116.45999908447266,69867600,112.14764357004229,117.19351785635138,112.10545894941258,117.09029388427734,41164000,254.43791604246806,260.43419339301283,254.35045383369882,260.1620788574219,33923200
2022-06-27,140.1516855515393,140.92758626309347,138.45258378281605,139.13026428222656,70207900,117.08999633789062,117.9800033569336,112.69999694824219,113.22000122070312,62133200,117.38605612259386,117.69025333337899,114.31574891498003,114.96485137939453,36420000,260.65767502465104,260.7451372256975,255.86650217614465,257.4311828613281,24615100
2022-06-28,139.59189131103963,140.85884829692233,134.86778919791305,134.9856414794922,67083400,113.5,114.8499984741211,107.04000091552734,107.4000015258789,74942900,114.93408050890979,116.42978308401227,111.00923749311733,111.16754150390625,35792000,256.54680910735476,259.39429846410957,249.10249735843755,249.25799560546875,27295500
2022-06-29,135.00525640007206,138.15792407261875,134.2293557674798,136.74363708496094,66242400,107.37999725341797,110.98999786376953,106.91000366210938,108.91999816894531,66375300,110.71546131167834,112.31189663204833,110.04105259478725,110.86383819580078,24716000,250.3367184913832,254.59339019807956,248.5582462691214,252.93154907226562,20069800
2022-06-30,134.79903766505709,135.89903230248103,131.38118647998766,134.27850341796875,98964500,108.11000061035156,108.18000030517578,102.5199966430664,106.20999908447266,97679400,109.17509230851313,110.05643353831414,105.94946458121616,108.14586639404297,43170000,249.81193566577983,252.22211413062385,245.77879792014835,249.59812927246094,31730900
2022-07-01,133.6106148417446,136.55704136561366,133.23741100607202,136.44900512695312,71051600,106.29000091552734,109.75,105.8499984741211,109.55999755859375,73021200,107.12360200109673,108.43072706417608,105.93012023346462,107.92207336425781,35476000,249.1705126019825,252.4553126996845,247.44062069914546,252.27066040039062,22837700
2022-07-05,135.30976092001367,139.08118409124435,134.48474992493536,139.03207397460938,73353800,107.5999984741211,114.08000183105469,106.31999969482422,113.5,76583700,106.29734246766435,112.52677114978636,104.93860549214357,112.41362762451172,39342000,248.94694014570504,255.57490677149835,247.5669268957141,255.4485626220703,22941000
2022-07-06,138.8258268991265,141.54635041323854,138.56064426897342,140.36778259277344,74064300,113.20999908447266,115.4800033569336,112.01000213623047,114.33000183105469,66958900,112.45234149088837,114.72268583730312,110.64003080778706,113.71281433105469,37432000,256.3232970437693,260.4438971435167,255.0113045680069,258.7140197753906,23824400
2022-07-07,140.73111375037857,143.93290610609026,140.7212977259225,143.73648071289062,66253700,113.8499984741211,116.98999786376953,113.48999786376953,116.33000183105469,57872300,114.21700114130591,118.2956805304421,113.97235155645592,117.89222717285156,40936000,257.65467597019574,261.4837347777504,257.55748586507,260.8423156738281,20859900
2022-07-08,142.66598770215515,144.91510200246088,142.41063609457171,144.41419982910156,64547800,114.5999984741211,116.58000183105469,113.69000244140625,115.54000091552734,45719700,116.37074690508801,118.78748451366472,116.02485720330152,118.4584732055664,38238000,257.3340180308074,260.55081225996196,255.87625522031703,260.1231994628906,19658800
2022-07-11,143.06869121316626,144.0213706040194,141.21244255201725,142.28297424316406,63141600,114.08000183105469,114.30000305175781,110.87000274658203,111.75,53487600,117.11313769208462,117.11313769208462,114.4656378613584,114.80904388427734,31196000,258.169743253347,259.02496869990176,254.7974513473784,257.0618591308594,19455200
2022-07-12,143.1570440660671,145.79900902596674,142.4597314847581,143.25526428222656,77588800,112.16000366210938,113.2300033569336,108.33999633789062,109.22000122070312,54280300,115.34349827319495,116.09680918580032,112.83743934520429,113.16545867919922,29960000,258.39331011954675,258.45161825659886,244.94300794231012,246.52711486816406,35868500
2022-07-13,140.43652068379964,143.83472435454556,139.58204676627264,142.89187622070312,71185600,107.02999877929688,111.77999877929688,106.01000213623047,110.4000015258789,61353800,110.86333799664993,113.33963043551984,110.36758731712142,110.51844787597656,43722000,243.14512305849968,246.41051237825036,241.12369016254638,245.6038818359375,29497400
2022-07-14,141.5070457617974,146.29007333779407,140.69186596170863,145.8186492919922,78140700,110.23999786376953,111.18000030517578,107.58000183105469,110.62999725341797,51163100,109.3840355997886,110.25991744168836,107.56031347226879,109.53985595703125,37004000,243.5144383254252,247.95574821262494,239.01480546624109,246.92559814453125,25102800
2022-07-15,147.1052616395071,148.16597704358819,145.55347512166446,147.48829650878906,76259900,112.5,115.58999633789062,111.58999633789062,113.55000305175781,84317800,111.16061252157375,112.29206306351027,110.06836316457388,110.93927764892578,46770000,248.5194148023389,253.03847375929305,247.5961679522132,249.4912567138672,29774100
2022-07-18,148.0481247263253,148.86330457327466,144.08026173602485,144.44366455078125,81420900,115.0,117.23999786376953,113.1500015258789,113.76000213623047,59115400,111.7953006779903,112.82750252180041,107.5573251702464,108.21237182617188,43164600,252.4359199576439,253.4952240127195,246.16754300536857,247.09078979492188,20975000
2022-07-19,145.27845218517842,148.52934001645056,144.2864940964481,148.30345153808594,82982400,115.69999694824219,118.94999694824219,114.02999877929688,118.20999908447266,60990000,110.01873331526212,113.16495963876075,108.73840612847393,112.95653533935547,36530900,250.32698837282734,252.4067439825156,246.53681142712958,252.2220916748047,25012600
2022-07-20,148.42132610705224,150.97490184976564,147.6847194489196,150.30703735351562,64823400,118.62000274658203,123.4800033569336,118.31999969482422,122.7699966430664,71268300,112.32133126160736,114.5346117230483,111.63651075173104,113.04586029052734,35600400,252.58174879832717,257.41180508665093,251.61963463686516,254.885009765625,22788300
2022-07-21,151.7409787508479,152.79187815956976,149.2266969700013,152.5758056640625,65086600,123.19999694824219,124.8499984741211,121.26000213623047,124.62999725341797,60239900,113.42301156798746,113.69099107486413,110.27678525693223,113.48255920410156,32676200,252.47477933086478,257.43117824236685,249.79248658053865,257.382568359375,22404700
2022-07-22,152.61509059283281,153.48919663577172,150.6704530452512,151.3383026123047,66675400,125.01000213623047,125.5,121.3499984741211,122.41999816894531,51463800,110.16759432042141,111.49754182441767,105.70134049662055,107.0908432006836,48901200,257.77137195378515,257.8588341779708,251.77512320457876,253.02877807617188,21881300
2022-07-25,151.25971149976874,152.27131674461305,149.56060972730697,150.21864318847656,53623900,122.69999694824219,123.63999938964844,120.02999877929688,121.13999938964844,50221300,107.59703351304728,109.04608401682407,105.50285586600882,106.70378112792969,34690900,253.65071891343598,254.13663983089467,249.5786992524714,251.54180908203125,21056000
2022-07-26,149.54096368293668,150.3561434947877,148.1070444852617,148.89276123046875,55138700,115.79000091552734,118.1500015258789,114.52999877929688,114.80999755859375,67075100,105.80059805632132,106.39609710232087,103.28957190469941,104.2324447631836,47991000,252.54282977946914,252.56228559936346,242.54259767032684,244.80697631835938,39348000
2022-07-27,149.85522662536712,154.52040107764333,149.4427287879426,153.9900360107422,78620700,117.30999755859375,121.9000015258789,117.16000366210938,120.97000122070312,61582000,108.44065165526703,113.05578240581903,107.20002551652622,112.21215057373047,59858500,253.80621209782652,262.4458704154243,251.56125987665692,261.1727600097656,45994000
2022-07-28,154.1766972484503,154.8249147765774,151.6525992780924,154.54010009765625,81378700,121.56999969482422,122.83999633789062,118.08000183105469,122.27999877929688,82245500,111.52733903733414,113.48255962814197,110.62415950126018,113.36346435546875,32816600,262.1543304686785,270.01652721920226,260.32726310507684,268.6268005371094,33459300
2022-07-29,158.3606155964203,160.70793488273625,156.65168275313596,159.60792541503906,101786900,134.89999389648438,137.64999389648438,132.41000366210938,134.9499969482422,148892900,112.23201464667002,115.83479054263834,112.21216038629261,115.44771575927734,37223400,269.88049153738285,274.05939959701226,268.84061364788005,272.8348693847656,32152800
2022-08-01,158.13470710792794,160.66863573230555,158.01685484186865,158.6257781982422,67829400,134.9600067138672,138.8300018310547,133.50999450683594,135.38999938964844,76846900,114.4353523994771,115.84470180597212,113.48254490858795,113.99864959716797,26034300,269.9971103708195,273.3596748735574,268.0728528273835,270.1817626953125,21539600
2022-08-02,157.24096155464215,159.50970748502837,156.77935355303202,157.15255737304688,59907000,134.72000122070312,137.44000244140625,134.08999633789062,134.16000366210938,61922400,113.14511628283007,115.47749216545205,112.86721720877222,114.26663970947266,20236000,268.2283090561538,270.0651041041312,264.7102468493613,267.08154296875,22754200
2022-08-03,157.96775857743674,163.61507661089456,157.87936937014717,163.16329956054688,82507500,136.2100067138672,140.49000549316406,136.0500030517578,139.52000427246094,71827800,114.84228896413123,117.73047048772344,114.61401797621708,117.19451904296875,28499000,268.9669356400914,275.5171396277238,268.82113564913254,274.5161437988281,23518900
2022-08-04,163.0454397472784,164.20437546779837,161.49365309665475,162.84901428222656,55474100,140.5800018310547,143.55999755859375,139.5500030517578,142.57000732421875,70585000,116.59901329341588,117.88925996691131,116.01343380363976,117.3036880493164,21602900,273.8650200050531,275.8087036946795,272.2809427109455,275.6629333496094,18098700
2022-08-05,160.51808440274291,163.11454067024195,160.31154145785612,162.62278747558594,56697000,140.10000610351562,142.86000061035156,139.60000610351562,140.8000030517578,50686900,115.3583742777627,117.22427310368766,115.13009575614203,116.58907318115234,19159500,271.2896517042955,275.6629401132576,270.83288483969574,274.94378662109375,16774600
2022-08-08,163.62595540473944,165.04220702567798,161.49174831186727,162.15069580078125,60276900,142.0500030517578,144.22999572753906,138.2899932861328,139.41000366210938,52229000,117.50218677995531,119.24899057090587,116.00350822632574,116.42036437988281,19138300,276.05164766060443,277.8690167147474,271.4548549906023,272.42669677734375,18739200
2022-08-09,161.31470993875857,163.08502430663805,160.55740587444882,162.19985961914062,63135500,138.0500030517578,138.9499969482422,136.2100067138672,137.8300018310547,40434700,116.26155630883628,116.44020677601095,114.84227970077666,115.75537872314453,19086500,271.7659090647991,275.10901823396375,269.79304134775583,274.3509826660156,23405200
2022-08-10,164.91437134851807,166.54699582568117,164.14723743893427,166.4486541748047,70170500,142.89999389648438,144.60000610351562,141.00999450683594,142.69000244140625,54773800,117.88926147915558,120.01321290367328,117.5220409743198,118.80236053466797,30930400,280.05564739805516,281.64945243011664,278.8602713803168,281.01776123046875,24687800
2022-08-11,167.25509577756023,168.16976453213817,165.41594361409508,165.71099853515625,57149200,143.86000061035156,144.49000549316406,139.75999450683594,140.63999938964844,44867300,120.37051145245026,120.57893573886966,117.67090771413612,117.94880676269531,24293700,282.6602203734145,283.0100692187593,278.44243011883435,278.93804931640625,20065900
2022-08-12,167.0190809905204,169.33031226065586,166.60599505436244,169.261474609375,68039400,142.0500030517578,143.57000732421875,140.1199951171875,143.5500030517578,47643500,119.35816754426888,120.76751708984375,118.56416374756623,120.76751708984375,19096300,280.35695809957093,283.69036865234375,278.8603132900209,283.69036865234375,22619700
2022-08-15,168.69099667612022,170.5301485665128,168.52380241400402,170.3334503173828,54091700,142.8000030517578,143.75999450683594,141.49000549316406,143.17999267578125,39014600,120.22163222861532,121.3828640455292,119.70553508834992,121.16451263427734,19494800,282.8060309314532,285.89648147107107,281.9410772881699,285.20648193359375,18085700
2022-08-16,169.93022509830618,170.84489380290904,168.8287027941199,170.1761016845703,56377100,143.91000366210938,146.57000732421875,142.0,144.77999877929688,59102900,120.60871067326374,121.511890161635,119.73531257366949,120.78736114501953,19041200,283.76810711776506,285.7604008093183,282.24233787382076,284.46783447265625,18102900
2022-08-17,169.9204107737534,173.24465231523857,169.72371248841205,171.67105102539062,79542000,142.69000244140625,143.3800048828125,140.77999877929688,142.10000610351562,48149800,119.21922104715102,120.38044538230633,118.48476486626201,118.65349578857422,22847000,282.1792006504778,285.6950128497728,281.91625702298364,283.7179870605469,18253400
2022-08-18,170.88425233332873,172.01527879196829,170.26463844345383,171.27764892578125,62290100,141.32000732421875,142.77000427246094,140.3800048828125,142.3000030517578,37458700,118.53438839458119,119.91396410503756,117.82971363092356,119.26883697509766,17987700,282.61739830194875,284.2925155216381,281.53634866422476,282.5979309082031,17186200
2022-08-19,170.1761140668042,170.87441022573427,168.48448182965225,168.69102478027344,70346300,140.47000122070312,141.11000061035156,137.91000366210938,138.22999572753906,47792800,118.16714923508971,118.25647824946921,115.88440181456612,116.33102416992188,21809500,281.36109961223826,281.7019722471869,278.1082610446249,278.682861328125,20570000
2022-08-22,166.89122718275175,167.05842149370653,164.38328250419255,164.8061981201172,69026800,135.72000122070312,136.32000732421875,132.85000610351562,133.22000122070312,50461500,114.33610843081347,114.76288414973949,112.99623363908157,113.38330841064453,21456600,274.71900818026165,275.0890966994029,269.9858458890411,270.50201416015625,25061100
2022-08-23,164.32428177313432,165.92740230652828,163.90136613852434,164.4718017578125,54147100,133.41000366210938,134.99000549316406,132.9499969482422,133.6199951171875,36252100,112.62900929255083,114.14753450962371,112.57938121699137,113.00615692138672,15870400,269.2262268066406,271.58305961695726,268.2133575622362,269.2262268066406,17527400
2022-08-24,164.5603177384026,165.33728128422243,163.5079585610888,164.766845703125,53841500,132.75,135.47000122070312,132.10000610351562,133.8000030517578,38627000,112.64886287866464,113.91926294010845,112.02358997809887,112.83744049072266,17734600,268.2231121213267,269.9956259083875,267.9309228621196,268.59320068359375,18137000
2022-08-25,165.9962181286182,167.33378750652878,165.57331755675585,167.22560119628906,51218200,135.25999450683594,137.4199981689453,134.27999877929688,137.27999877929688,37496300,113.38330709839337,115.84471280114529,113.2542847000928,115.77523803710938,16956800,270.09294921143464,271.73885036051576,267.3562796674805,271.57330322265625,16583400
2022-08-26,167.75672364191396,168.22880259575382,160.86233294904275,160.9213409423828,78961000,136.5500030517578,137.8300018310547,130.5,130.75,53322700,113.85971726032743,114.25671917939691,109.36368888940646,109.51255798339844,37245700,271.79728794342236,273.024417273925,260.9869704514699,261.0940856933594,27549300
2022-08-29,158.4920749241394,160.2132113909233,157.18402441564837,158.71829223632812,73314000,129.89999389648438,131.9499969482422,128.77000427246094,129.7899932861328,48101600,109.16518204997358,110.11798209415639,107.98411101792682,108.59945678710938,21191200,258.91256247792984,260.4221028280278,256.9647531378231,258.3087463378906,20338500
2022-08-30,159.45587762112265,159.87877811715921,155.1186113343407,156.2889862060547,77906200,131.25,132.07000732421875,126.8499984741211,128.72999572753906,49203000,109.34382641653404,109.67135354308121,106.99160404194176,108.12305450439453,27513300,259.71118642639124,260.0812452565468,253.8580095108411,256.10772705078125,22767100
2022-08-31,157.66589243531146,157.9314433381074,154.54817926746995,154.62686157226562,87991100,129.4499969482422,130.58999633789062,126.73999786376953,126.7699966430664,53648700,109.82022472533541,110.01872187397939,107.31911824820861,107.408447265625,28627000,258.464616362346,260.13970413279804,254.51053542030976,254.6468963623047,24791800
2022-09-01,154.056469922945,155.80711043286672,152.11896076188796,155.35470581054688,74229900,126.0,128.02000427246094,123.66000366210938,127.81999969482422,56636100,107.46801025771005,109.62173567430116,106.5549111279362,108.91706085205078,28360900,252.11472424698195,254.08203091326465,248.7450220487838,253.60479736328125,23263400
2022-09-02,157.11514512449315,157.71508462008887,152.41398580114964,153.24012756347656,76957800,129.5,131.3800048828125,126.38999938964844,127.51000213623047,57429800,109.76068763802547,109.90956431016964,106.45566489177163,107.0412368774414,24160700,254.87085770904451,257.83150643317526,247.82951641986838,249.37802124023438,22855400
2022-09-06,153.88925181756636,154.4990209999667,151.15510515135455,151.9812469482422,73714800,127.91999816894531,128.6199951171875,124.73999786376953,126.11000061035156,43888600,106.49535649820784,107.21987796172488,104.98675079205103,106.00902557373047,25068300,249.5144035204149,251.10184326326072,245.36555986305348,246.64137268066406,21328200
2022-09-07,152.26648324611122,154.08596126340717,151.07643378022465,153.38768005371094,87449600,126.12000274658203,129.82000732421875,125.4000015258789,129.47999572753906,47900300,106.25714254097879,109.15525088592688,106.09834633659005,108.62921905517578,23167000,248.05352047263693,252.07573671931658,246.61214569878825,251.3550567626953,24126700
2022-09-08,152.08943851032333,153.78107082360773,150.1617592438652,151.91241455078125,84923800,127.72000122070312,130.27999877929688,127.0999984741211,129.82000732421875,43988500,107.22979880995165,108.77809780045992,106.35640073851793,107.56724548339844,24238300,250.79021068457934,253.63399578598168,248.14117383130036,251.77383422851562,20319900
2022-09-09,152.90574262919617,155.21698869351633,152.19761681404773,154.77439880371094,68028800,130.91000366210938,133.69000244140625,130.75999450683594,133.27000427246094,49387600,108.25206778151146,110.1576676027876,108.20243970996736,109.82022094726562,23197700,253.70212334082444,258.30870234526543,253.497611716883,257.55877685546875,22084700
2022-09-12,156.9577752421011,161.55074810883656,156.6725650029193,160.73443603515625,104956000,134.10000610351562,136.49000549316406,134.0,136.4499969482422,53826900,110.15768604181248,110.78296653033767,109.10563738416695,110.0286636352539,22966800,258.8443581611644,260.4707918875841,258.2405420767768,259.691650390625,18747700
2022-09-13,157.2627059256093,157.89214957569482,150.84040875911936,151.3026580810547,122656600,131.00999450683594,131.39999389648438,126.2699966430664,126.81999969482422,72694000,106.991603410664,107.48785387625672,103.30941829244654,103.5376968383789,38172900,252.08548374554073,253.60477266828747,245.02467481719648,245.41424560546875,33353300
2022-09-14,152.23697022602627,154.5088829319825,151.0764397160354,152.74839782714844,87965400,127.36000061035156,128.83999633789062,126.33000183105469,128.5500030517578,45316800,103.78581739454697,104.49049211527398,102.88264552539968,104.21259307861328,26395100,246.91404207019949,247.59577234574667,243.33981382641142,245.6382293701172,23913000
2022-09-15,152.09926605765543,152.67954626691656,148.88321078041434,149.85687255859375,90481100,127.37999725341797,130.3699951171875,125.5,126.27999877929688,52887200,103.2498713506553,104.48057039335076,101.5824694722177,102.13827514648438,34188300,243.25218674358922,244.83964133633745,237.65223458820603,238.97674560546875,31530900
2022-09-16,148.71599907903905,148.85368936524756,145.92282969048466,148.2144012451172,162278800,122.77999877929688,123.87000274658203,120.69999694824219,123.52999877929688,115667800,101.30456192573307,102.35661040850711,100.18303868602453,102.02909088134766,42797200,237.8859391510609,238.89880828639917,235.74335194099112,238.35342407226562,39791800
2022-09-19,146.84734147012324,152.0107501857091,146.64081352548533,151.93206787109375,81474200,122.16000366210938,124.70999908447266,121.80000305175781,124.66000366210938,47279700,100.98696487184549,102.55511808472187,100.78846772406554,102.29706573486328,23036800,236.14268298899873,238.74300685593585,234.5649620689847,238.13919067382812,26826900
2022-09-20,150.86992138320707,155.47274053089146,150.55520704373188,154.31219482421875,107689800,123.3499984741211,124.4000015258789,121.13999938964844,122.19000244140625,47698400,101.31449934165514,101.60232552737466,99.76619270219214,100.38154602050781,26517100,235.7530952999418,237.15550545081834,233.3864993779155,236.1231689453125,26660300
2022-09-21,154.74492033364538,156.12183853779936,151.06661536137307,151.18463134765625,101696800,122.48999786376953,123.76000213623047,118.44999694824219,118.54000091552734,58498900,100.90756076707413,102.10848590077619,98.52555718513969,98.53548431396484,31487300,237.89568781443512,241.19722391131666,232.66580985308437,232.71450805664062,28625600
2022-09-22,149.86673172221157,151.92225679396847,148.42097590441998,150.22079467773438,86652500,117.08000183105469,118.79000091552734,116.26000213623047,117.30999755859375,55229200,98.07894474855821,100.48079525894666,98.0491709312513,99.38904571533203,34298600,231.6626994562865,237.49639378843938,231.37053994331876,234.69154357910156,31061200
2022-09-23,148.69635763891162,148.97173827223702,146.10973061112034,147.94888305664062,96029900,116.0,116.05000305175781,112.05999755859375,113.77999877929688,65126700,98.88286748104298,98.9126488703435,96.73906935446827,97.99954223632812,31625400,233.28913142247737,234.83765123018225,229.0623884800835,231.71141052246094,34176000
2022-09-26,147.19157145564952,151.23378336075643,147.17189712565283,148.28326416015625,93339400,113.30000305175781,117.33999633789062,113.12999725341797,115.1500015258789,62723300,97.36434023985667,99.13099069316641,97.06659450257123,97.4338150024414,27072700,230.8641214166978,235.14929632525457,230.71802678944272,231.25367736816406,27694200
2022-09-27,150.22080529252614,152.16814418194363,147.47681344155066,149.2569580078125,84442700,117.19999694824219,118.31999969482422,113.05000305175781,114.41000366210938,60094700,98.68435621922836,99.25008138020833,96.14355655899271,96.76882934570312,30072800,233.7176152898331,235.4901287459521,228.380622390254,230.24078369140625,27018700
2022-09-28,145.20491035922058,148.1554300888231,142.451088943501,147.36862182617188,146691400,114.37999725341797,118.69999694824219,113.80000305175781,118.01000213623047,55763800,96.91772447156976,99.94484798785372,96.38177302120951,99.29972839355469,32466300,230.6303619280171,236.00631985347113,228.60463843638797,234.77920532226562,29029700
2022-09-29,143.6902774000374,144.30004650786495,138.35966001189522,140.12997436523438,128138200,115.5999984741211,116.06999969482422,113.05999755859375,114.80000305175781,58969700,97.90029020087542,97.90029020087542,95.24038743081641,96.68943786621094,31047200,232.65611046193365,233.68844714288159,228.29302124296953,231.30238342285156,27484200
2022-09-30,138.9497794383235,140.7397682439674,135.72387972938284,135.9205780029297,124925300,114.08000183105469,116.91999816894531,112.83999633789062,113.0,59479600,96.32221919924832,98.15834442273268,94.84338734754718,94.9327163696289,32941500,232.0717644033824,234.2630501670301,226.65685618291016,226.82241821289062,35694800
2022-10-03,135.930451339268,140.71029392940602,135.41902371449189,140.1005096435547,114311700,113.58000183105469,116.91000366210938,112.44999694824219,115.87999725341797,50941900,96.03438493049775,98.54541088420336,95.79617927312808,97.90028381347656,27982000,229.2669108311526,235.30511704742838,228.53648230029808,234.45782470703125,28880400
2022-10-04,142.6379332973476,143.80830832520158,141.88062916042142,143.69029235839844,87830100,119.88999938964844,123.0,119.79000091552734,121.08999633789062,62812600,99.68679428970093,101.07628951245434,99.62723908573932,100.87779235839844,28850800,238.6943143855835,243.8267966387145,238.58718426741393,242.3854217529297,34888400
2022-10-05,141.69380954476654,144.94921413848994,140.65127989511333,143.98536682128906,79471000,118.58000183105469,121.75,117.69000244140625,120.94999694824219,48217500,99.0813725388771,101.16562303801653,98.05909776281518,100.66937255859375,22176900,239.5708111265556,244.0410299207372,237.7301319253864,242.69703674316406,20347100
2022-10-06,143.40506352233135,145.1065253655181,142.8247983571862,143.0313262939453,68402200,120.7699966430664,121.52999877929688,119.5,120.30000305175781,42253800,99.92499811757948,102.15812530354549,99.83566909260647,100.6594467163086,22324000,241.46019588133413,243.80730987931113,239.65848102253324,240.34994506835938,20239900
2022-10-07,140.18899129011245,140.73976746295003,137.14996021039673,137.77940368652344,85925600,118.0,118.16999816894531,113.87999725341797,114.55999755859375,54678000,99.10122683508853,99.77612784180832,97.56285477407359,97.94000244140625,27502800,234.61365108204038,235.02270415917158,227.08537143722725,228.12745666503906,37769600
2022-10-10,138.10398864746094,139.54974448383035,136.28451052504542,138.10398864746094,74899000,115.0999984741211,116.25,112.43000030517578,113.66999816894531,42339700,98.25758717787716,98.35683575149946,96.28251254572439,97.12613677978516,18225100,226.96847977157327,228.43907043105446,220.81339530154835,223.26763916015625,29743600
2022-10-11,137.5925530590874,139.0186494867963,135.9402693459634,136.68772888183594,77033700,112.70999908447266,115.4800033569336,110.38999938964844,112.20999908447266,56432200,96.69937342071023,98.50572495067155,95.58776956681797,96.45124816894531,26507100,221.68022984450596,223.0826552861867,218.26182897586634,219.5279083251953,30474000
2022-10-12,136.8352824760686,138.04499143111343,135.88127984271256,136.0583038330078,70433700,112.48999786376953,113.83000183105469,111.4000015258789,112.9000015258789,45728700,96.57033961999998,98.00946288154012,96.0145339725508,96.82838439941406,21876400,219.5181209293946,221.91393311184666,218.1157105964302,219.85899353027344,21903900
2022-10-13,132.76352584164425,141.2216713360496,132.15374170783133,140.63157653808594,113224000,107.87999725341797,113.44000244140625,105.3499984741211,112.52999877929688,86868100,94.43646401379698,99.03174054553159,93.67223406528825,98.317138671875,34574500,214.1129677426173,229.93892011570614,213.4117551255457,228.12745666503906,42551800
2022-10-14,141.92981170804703,142.1363546632189,135.9107571080086,136.09762573242188,88598000,114.0999984741211,114.95999908447266,106.5999984741211,106.9000015258789,67737300,99.24016247039046,99.93491764089593,95.64731407308213,95.83588409423828,25410700,229.39350803929838,231.04915792889818,222.38139712434594,222.5956573486328,30198600
2022-10-17,138.7432621845146,140.5430657827838,137.95645402263972,140.0611572265625,85250900,110.11000061035156,114.19000244140625,110.08999633789062,113.79000091552734,62782000,98.11864498975567,100.17312166314639,98.08887117266298,99.22032165527344,28419200,229.66621998295358,232.72428023302328,229.00395704070687,231.3315887451172,28142300
2022-10-18,143.09035010046446,144.28038442851894,138.29083411442357,141.37904357910156,99136600,119.05999755859375,119.5199966430664,114.79000091552734,116.36000061035156,65607400,102.35662329095497,102.69407756152302,99.22032413323551,100.01432037353516,24060700,236.89260491773592,237.56458673552382,229.2279641654272,232.2762908935547,26329600
2022-10-19,139.35303637893844,142.55926212019432,139.16616774549112,141.48724365234375,61758300,114.70999908447266,116.58999633789062,113.22000122070312,115.06999969482422,47198100,99.2600211090797,100.26244160630186,98.17819114716923,98.88286590576172,23811100,230.854359464379,233.35730163218065,228.17612158677025,230.30897521972656,19985700
2022-10-20,140.66108608089553,143.48374457740485,140.29717851697941,141.0249786376953,64522000,113.83000183105469,118.23999786376953,113.51000213623047,115.25,48795100,99.25009547236613,101.55269738443776,98.64466928421018,99.22032165527344,25323200,229.61750568038707,235.01293095415457,228.7409825706679,229.98757934570312,21811000
2022-10-21,140.51359551029486,145.4114696146214,140.2972228386762,144.84103393554688,86548600,114.79000091552734,119.58999633789062,114.5,119.31999969482422,55660500,97.11621083244879,100.55026301239435,96.98718844238796,100.37161254882812,32458700,228.61442652290813,236.65887511740925,228.3806840124793,235.8018341064453,26299700
2022-10-24,144.76232705447245,147.75218027161432,143.59195189473937,146.98504638671875,75981900,119.9800033569336,120.38999938964844,116.56999969482422,119.81999969482422,49531500,101.03659588940504,101.97946872710929,99.23024453211379,101.75119018554688,27176400,237.39898019034277,241.37251274570207,235.00318319381745,240.79791259765625,24911200
2022-10-25,147.6144876838341,149.97491229930705,146.89653213741997,149.82737731933594,74732300,119.6500015258789,121.31999969482422,118.94999694824219,120.5999984741211,50934600,102.12835687976337,104.03395702843999,101.94970639256357,103.6965103149414,40611400,240.8076725980602,244.4890312031249,239.41499599959158,244.11895751953125,34775500
2022-10-26,148.4700878818475,149.48309796716273,145.5982368554122,146.8866424560547,88194300,116.0,119.3499984741211,114.76000213623047,115.66000366210938,68802300,95.70686045543493,97.57275938958455,93.9799110391379,94.21810913085938,88114100,225.13758150417138,232.08152781270658,224.05654653050635,225.28367614746094,82543200
2022-10-27,145.62782920100577,146.59166146526223,141.75281080290236,142.41175842285156,109180200,113.91999816894531,114.12000274658203,109.7699966430664,110.95999908447266,129605400,93.81117447399967,94.71435385772834,91.11157859561652,91.52842712402344,60710900,225.01094581972592,227.59180231118427,219.888212209169,220.83290100097656,40424600
2022-10-28,145.75564835945892,154.90226106166642,145.3819261249116,153.17129516601562,164762400,97.91000366210938,103.95999908447266,97.66000366210938,103.41000366210938,223133400,91.57805152128097,95.82596158594453,91.4391020058955,95.56790924072266,43697300,220.33618303310567,230.4258353283735,220.15113878058648,229.71487426757812,40647700
2022-10-31,150.63388908416607,151.69607811615833,149.41433537918505,150.8109130859375,97943200,103.55999755859375,104.87000274658203,100.73999786376953,102.44000244140625,99251400,94.70443378065085,95.30985993363518,93.27523763795979,93.80126190185547,31675000,227.65997973649493,228.7897128662686,225.1180876248081,226.07252502441406,28357300
2022-11-01,152.52221012298716,152.88610277414685,146.67034867047332,148.16526794433594,80379300,103.98999786376953,104.58000183105469,96.05999755859375,96.79000091552734,153370000,94.7342155851969,95.30986797136448,89.692316357766,89.79156494140625,47161400,228.47806626370723,229.58831711329057,221.3977743852499,222.21585083007812,30592300
2022-11-02,146.49328294195223,149.66017491618842,142.60843546015093,142.637939453125,93604600,97.31999969482422,97.73999786376953,92.01000213623047,92.12000274658203,135761800,90.25802414226504,90.49622221132886,86.2284657912932,86.31779479980469,57038300,223.47214680943068,225.2641276327497,214.2979527796427,214.3563995361328,38407000
2022-11-03,139.71691380956625,140.44471393264007,136.4615100959827,136.58937072753906,97918500,92.47000122070312,93.5,89.0199966430664,89.30000305175781,136683300,85.67268674461754,85.87118391743043,82.71503040774212,82.80435943603516,61288000,214.34665683470016,214.65831343540998,208.39609921791416,208.6590576171875,36633900
2022-11-04,139.97824816387146,140.5496299805745,132.38284296255216,136.32339477539062,140814800,91.48999786376953,92.44000244140625,88.04000091552734,90.9800033569336,129101300,84.75959637227052,85.99029562938628,83.08226707200889,85.93074798583984,51124900,211.8729869376078,215.80755569299043,207.86048915628433,215.61277770996094,36789100
2022-11-07,135.0722797176196,137.08195474161485,133.65367850914586,136.85537719726562,83374600,91.94999694824219,92.0999984741211,89.04000091552734,90.52999877929688,77495700,86.62549065076033,88.23334508179792,86.19871489529751,87.826416015625,34078900,216.1970958555256,222.44956184578618,215.50561702414757,221.92364501953125,33498000
2022-11-08,138.32322168629616,139.3280515614897,135.44662070693448,137.42674255371094,89908500,90.79000091552734,91.72000122070312,88.2300033569336,89.9800033569336,88703400,88.23332977294922,89.64267920564933,86.9331484706756,88.23332977294922,30429000,222.73199048300697,225.60500622838748,219.94662258958112,222.89755249023438,28192500
2022-11-09,136.44162616361422,136.49088607476932,132.58973260430815,132.86557006835938,74917800,89.47000122070312,89.4800033569336,85.87000274658203,86.13999938964844,90796200,87.7867073862383,88.76928879424014,86.62548307370679,86.6651840209961,31769100,221.43670467861034,222.66383409917907,218.4760409587585,218.65133666992188,27852900
2022-11-10,139.14090816003963,144.68722534179688,137.42676248525757,144.68722534179688,118854000,92.94000244140625,98.69000244140625,91.6500015258789,96.62999725341797,173414900,91.55821325740865,93.68216469901468,90.92301325088243,93.23554229736328,51620100,229.28634553522303,236.98020054630456,228.86757370366388,236.6393280029297,46268000
2022-11-11,143.6528333928847,147.7805490726991,142.2243712372686,147.47515869140625,93979700,97.87999725341797,101.19000244140625,96.66000366210938,100.79000091552734,111590500,93.97991651822383,96.20311650565995,93.21568655329872,95.68701934814453,33090500,236.64909297043917,241.51861615288743,235.61674157285157,240.6615753173828,34620200
2022-11-14,146.75598040253018,148.04650852538037,145.238859760882,146.07623291015625,73374100,98.7699966430664,100.12000274658203,97.29000091552734,98.48999786376953,99533100,94.37690418520387,96.06416020914902,93.8012594349028,94.98233032226562,30179500,235.67520929864517,237.54510458377084,232.9677553572084,235.24668884277344,31123300
2022-11-15,149.95772858664796,151.3073630256227,146.3521193934581,147.81011962890625,89868300,103.20999908447266,103.79000091552734,97.33999633789062,98.94000244140625,111336300,97.52314700864059,99.38904609814732,95.98476748295278,97.70179748535156,41640800,239.24941108763932,240.55443970410423,233.7663233543748,235.65570068359375,31390100
2022-11-16,146.91361736230309,147.642609775535,145.100952232511,146.5786590576172,64218300,96.8499984741211,98.48999786376953,95.54000091552734,97.12000274658203,87958800,97.16585354030117,98.89280323342018,96.90780114913285,98.10872650146484,29105200,237.12067984603283,238.10710518850516,234.80602574594815,236.08543395996094,24093300
2022-11-17,144.2537602517047,149.22871050736455,143.97792279490108,148.48001098632812,80389400,95.37000274658203,96.97000122070312,94.02999877929688,94.8499984741211,82617900,96.24281507898955,98.53548977287406,96.06416461114264,97.62239074707031,26052600,232.22769437449384,237.56996781309624,232.08120292470986,236.03662109375,23123500
2022-11-18,150.04634875723008,150.43055193083845,147.74112971557977,149.04150390625,74829600,95.94999694824219,95.98999786376953,92.4800033569336,94.13999938964844,72428200,98.02930355540772,98.15833350938217,95.64730762338591,96.69935607910156,28342300,237.82386161024547,238.0485016751928,233.44847699378025,235.58734130859375,27613500
2022-11-21,147.92829700778424,148.13516752974954,145.52455834869187,145.81024169921875,58724100,93.97000122070312,95.0199966430664,90.58999633789062,92.45999908447266,84330300,96.56041614884042,97.66209278418218,94.64488905580471,94.88308715820312,21647400,235.7924013424577,238.9567500098656,235.558015079861,236.39793395996094,26394700
2022-11-22,145.92850754073268,148.1844671134609,144.7463298277078,147.94802856445312,51804100,92.62000274658203,93.3499984741211,90.87000274658203,93.19999694824219,62192000,95.23046275016921,96.49094319214763,93.34471701030947,96.32221984863281,23438500,237.90200273092586,239.5818407425711,235.08926284135723,239.30838012695312,19665700
2022-11-23,147.22887996484198,149.5735133563615,147.1205141770319,148.82481384277344,58301400,93.23999786376953,94.58000183105469,92.83000183105469,94.12999725341797,59414700,96.36192005141498,98.0194025037263,96.36192005141498,97.72164916992188,18868100,239.38650323520181,242.48247963370116,238.5661214247604,241.798828125,19508500
2022-11-25,146.1058381021563,146.66737406871476,144.93352128665245,145.9088134765625,35195900,93.79000091552734,94.43000030517578,93.06999969482422,93.41000366210938,35088600,97.5032907612572,97.90029265387534,96.66959360172228,96.72914123535156,9701400,241.53516337435977,242.89270545912507,240.9687049278587,241.71096801757812,9200800
2022-11-28,142.9829242489195,144.46063120272478,141.24908683464577,142.07659912109375,69246000,93.93000030517578,96.4000015258789,93.43000030517578,93.94999694824219,74943100,96.31229336649913,96.84824478966246,94.8930167011355,95.32971954345703,26237500,240.33383192684337,240.8905142099761,235.17712545026967,236.1147003173828,24778200
2022-11-29,142.14554009146167,142.6578160052338,138.26410941652946,139.07191467285156,83763800,94.04000091552734,94.41000366210938,91.44000244140625,92.41999816894531,65567300,95.01211718133456,95.39919193752951,93.40426295178399,94.47616577148438,20061700,235.7631620284747,237.12070411466752,232.64766292317384,234.71815490722656,17956300
2022-11-30,139.29850181511986,146.50971891238402,138.4611435666205,145.82997131347656,111380900,92.47000122070312,96.54000091552734,91.52999877929688,96.54000091552734,102805800,94.10892997952428,100.2822864574368,93.71192812641526,100.23265838623047,43647500,234.95252448977655,249.36786250056446,234.25909694374434,249.1822967529297,47594200
2022-12-01,146.00734541476766,146.91367079327927,144.43111821525912,146.10585021972656,71250400,96.98999786376953,97.2300033569336,94.91999816894531,95.5,68488000,100.26243220008205,101.48321157326066,99.49820987989614,100.23265838623047,28687100,247.94199915850407,250.13946049240104,245.0608861678924,248.74285888671875,26041500
2022-12-02,143.79070918114468,145.80038352922034,143.4853038590272,145.6132049560547,65447400,94.4800033569336,95.36000061035156,93.77999877929688,94.12999725341797,72496400,98.30722237745412,100.01431765518183,98.15834572013763,99.68679809570312,21480700,243.98656575661812,250.08084861229074,243.85959656296245,249.0651397705078,21528500
2022-12-05,145.5738317516645,148.67701012513257,143.60355595085647,144.45077514648438,68826400,93.05000305175781,94.05999755859375,90.81999969482422,91.01000213623047,71535500,98.65458401715503,100.61973142014833,98.25758217071605,98.7339859008789,24405100,246.12539896649085,247.89314681984325,242.26763698881598,244.357666015625,23435300
2022-12-06,144.88423366279338,145.11081116378415,139.81076461635996,140.7860565185547,64727200,90.5,91.04000091552734,87.9000015258789,88.25,75503600,98.55534850991971,99.03174473103793,95.69694089448478,96.25274658203125,24910700,244.9631836631235,245.97889237423144,238.08756427144374,239.39627075195312,22463700
2022-12-07,140.07679006739448,141.2392458201791,137.9193352044314,138.84536743164062,69721100,88.33999633789062,89.88999938964844,87.4800033569336,88.45999908447266,68086900,95.6870279579022,96.15349708147154,94.00969879373666,94.2280502319336,31045400,239.11305308285705,240.41199845740607,236.5542366516699,238.66378784179688,20481500
2022-12-08,140.24423909407787,141.38700272319693,139.00297068921475,140.52992248535156,62128300,89.23999786376953,90.86000061035156,87.87999725341797,90.3499984741211,73305900,94.66473018862035,94.8632349057904,92.74920320796852,93.00725555419922,32213300,239.1228268856705,242.93176834963776,237.38439220863714,241.623046875,22611800
2022-12-09,140.22452830407295,143.40653461732074,138.80592729031733,140.04721069335938,76097000,88.9000015258789,90.30000305175781,88.62999725341797,89.08999633789062,67398500,93.0668111039124,93.55314202323372,92.05446346281963,92.13386535644531,28225400,238.98609654359035,242.51180134599122,238.4587124437862,239.6892852783203,20609700
2022-12-12,140.5791849523235,142.35243630018152,138.9635592869445,142.34259033203125,70462700,89.20999908447266,90.58000183105469,87.87000274658203,90.55000305175781,61999800,92.01475338165663,92.85837759418385,90.92300395531667,92.6102523803711,29420000,241.67188039318714,246.64302204339194,241.39841976544412,246.6137237548828,30665100
2022-12-13,147.2781498799709,147.7411660018872,142.09632874722436,143.30804443359375,93886200,95.2300033569336,96.25,90.5199966430664,92.48999786376953,100212000,97.0268965895578,98.78361996821883,94.3173656196912,94.9128646850586,40593700,255.57938326434993,257.7573221509762,247.16067022510887,250.9207763671875,42196900
2022-12-14,143.1898139764628,144.48034234830936,139.06208336103646,141.0816192626953,82291200,92.5,93.45999908447266,89.87000274658203,91.58000183105469,70298000,94.48608568861964,96.14356799976107,92.89808571200558,94.35706329345703,28733600,251.125865506393,256.45836289594854,248.37170703954448,251.21376037597656,35410900
2022-12-15,139.01283101163355,139.69257867211073,134.00832790749715,134.47134399414062,98931900,89.88999938964844,89.97000122070312,87.47000122070312,88.44999694824219,84802900,92.43160841135212,92.93778600326951,89.33501037181313,90.17863464355469,40107000,247.7954437402922,248.26423119783098,241.56441688629758,243.19541931152344,35560400
2022-12-16,134.65850323442362,135.6042272094749,131.74248840865712,132.51089477539062,160156900,88.2699966430664,89.3499984741211,86.7300033569336,87.86000061035156,146144100,90.07939565689843,90.64512094144958,88.8486889269912,89.58314514160156,58011800,242.74620073337888,244.0060718471809,237.82387962727623,238.97633361816406,86102000
2022-12-19,133.10199344508453,133.1906522558453,129.36832710470327,130.4027099609375,79592600,87.51000213623047,87.62999725341797,84.51000213623047,84.91999816894531,83531500,89.58313045138497,89.88087616842834,87.54850064344215,87.77677917480469,29493000,239.14236978569437,239.48420303255193,233.13598200938617,234.83534240722656,29696400
2022-12-20,129.43726118544186,131.2696181831246,127.95955441414964,130.333740234375,77432800,85.33000183105469,86.61000061035156,84.33000183105469,85.19000244140625,74348300,87.44925276224407,88.51122839633814,86.78427899285954,88.35242462158203,23453800,233.80987149856165,237.23792059289175,232.85275921382146,236.15383911132812,25150800
2022-12-21,131.003643429146,134.7767236692483,130.77706590433928,133.4369354248047,85928000,86.18000030517578,87.2300033569336,85.20999908447266,86.7699966430664,59267200,88.41197559905176,89.54342593749791,87.65767284936085,88.9082260131836,24745600,236.04635695576684,239.88458131180286,234.5032493698653,238.7223663330078,23690600
2022-12-22,132.35324191359692,132.56011239064273,128.36343164706742,130.26473999023438,77852100,85.5199966430664,85.68000030517578,82.25,83.79000091552734,81431300,87.49887715318053,87.87602474408581,85.67267168123085,87.10187530517578,27658300,235.6264340259573,236.33939883332155,228.4089953984043,232.6281280517578,28651700
2022-12-23,128.97425178436364,130.45195863115794,127.71327647766012,129.90028381347656,63814900,83.25,85.77999877929688,82.93000030517578,85.25,57433700,86.45675502144779,88.8784596690233,86.41705407631922,88.56085968017578,23003000,230.59667062115278,233.29221736870184,228.47734339350782,233.15548706054688,21207000
2022-12-27,129.42744608626094,129.45699902617415,126.80697517918489,128.09750366210938,69007800,84.97000122070312,85.3499984741211,83.0,83.04000091552734,57284000,88.13408725969353,88.27303678671537,86.35750965313572,86.73465728759766,20097300,233.1261944200352,233.35081959548367,230.32321558372178,231.4268341064453,16688600
2022-12-28,127.7428420402377,129.08263031505834,123.99932216789122,124.16679382324219,85438400,82.80000305175781,83.4800033569336,81.69000244140625,81.81999969482422,58228600,86.32773122933094,87.37977975554813,85.29552938926575,85.37492370605469,19523200,231.35846669812094,234.12238618004355,228.7019792420853,229.05357360839844,17457100
2022-12-29,126.08782748671398,128.54081933240047,125.83169698376393,127.68375396728516,75703700,82.87000274658203,84.55000305175781,82.55000305175781,84.18000030517578,54995900,85.97044899684622,88.18372223488184,85.96052186552095,87.7867202758789,23333500,230.14742187789756,236.27101770155872,230.14742187789756,235.38226318359375,19770700
2022-12-30,126.50155605068613,128.01866173908738,125.53611764206177,127.99895477294922,77034200,83.12000274658203,84.05000305175781,82.47000122070312,84.0,62401200,86.32774074812349,87.63784177185843,85.92081170141935,87.56836700439453,23986300,232.6476561526492,234.3567925734217,231.133846628039,234.22006225585938,21938500
2023-01-03,128.34375651124384,128.95453716141313,122.32456371138078,123.21118927001953,112117500,85.45999908447266,86.95999908447266,84.20999908447266,85.81999969482422,76706000,88.91815210738409,90.36721008671273,87.85617644594524,88.4516830444336,28131200,237.40389855359157,240.01155023066832,231.85652313264055,233.98562622070312,25740000
2023-01-04,125.00414702883133,126.74784531380757,123.22104984209798,124.48202514648438,89113600,86.55000305175781,86.9800033569336,83.36000061035156,85.13999938964844,68885100,89.67246086306939,89.97021418207204,86.61555606707714,87.41948699951172,34854800,226.85608843916458,227.43230792474532,220.683672878356,223.75035095214844,50623400
2023-01-05,125.24059093401247,125.87107865122056,122.9058186898535,123.16194915771484,80962700,85.33000183105469,85.41999816894531,83.06999969482422,83.12000274658203,67930800,86.81405397793031,86.9133025524005,85.25582788498791,85.55357360839844,27194400,221.89471081098847,222.23654401593947,216.58173640623133,217.118896484375,39585600
2023-01-06,124.13722458745222,128.35360593496887,123.03386747187416,127.69356536865234,87754700,83.02999877929688,86.4000015258789,81.43000030517578,86.08000183105469,83303400,86.13915710492884,87.03240946135887,84.2236299964327,86.68502807617188,41381500,217.79280825495562,220.48835513572715,214.2280440359925,219.677734375,43613600
2023-01-09,128.530949601707,131.4272575812406,127.95956778658704,128.2156982421875,70790800,87.45999908447266,89.4800033569336,87.08000183105469,87.36000061035156,65266100,87.69737855387638,89.37470746783313,87.20112811279385,87.35992431640625,29003900,221.1622513114738,225.8404102334112,221.12319189298108,221.8166046142578,27369800
2023-01-10,128.32406282244906,129.30920076375085,126.21586822934367,128.78707885742188,63896200,87.56999969482422,90.19000244140625,87.29000091552734,89.87000274658203,67756600,85.3352304507804,88.00505271446971,85.18635380180301,87.75692749023438,30467800,222.4416512068121,225.90875938940619,222.0216991383432,223.50621032714844,27033900
2023-01-11,129.29935853420528,131.52576493439358,128.52110615216108,131.50607299804688,69458900,90.93000030517578,95.26000213623047,90.93000030517578,95.08999633789062,103126200,88.51122328937346,90.9130734526209,88.34249996756573,90.83367156982422,26862000,225.8892031998331,230.44039237661667,225.71341348434925,230.2646026611328,28669300
2023-01-12,131.89027740511193,132.26461961526783,129.48653833184324,131.42726135253906,71379600,96.93000030517578,97.19000244140625,93.5,95.2699966430664,85254800,90.79399088981015,91.18106565731547,89.07696090221926,90.44660949707031,30258100,229.76653275671188,234.2981853820876,228.1062317552033,232.94064331054688,27269500
2023-01-13,130.0677644513709,132.914812571895,129.70326821418658,132.75718688964844,57809700,94.18000030517578,98.37000274658203,94.12000274658203,98.12000274658203,85549400,90.1687035996184,91.49865871880165,89.45410175315347,91.42918395996094,26329200,231.4659204957311,233.78057493189226,229.43448784401008,233.6438446044922,21333300
2023-01-17,132.82612842305298,135.24955893921694,132.13653498479533,133.9196319580078,63646600,98.68000030517578,98.88999938964844,95.7300033569336,96.05000305175781,72755000,91.36963776683697,91.5582153760755,89.37471624963791,90.60541534423828,32602400,232.41322563168038,235.28457684093857,231.5537695139473,234.73765563964844,29831300
2023-01-18,134.78660397065414,136.54999458059902,133.02319832869463,133.20053100585938,69672800,97.25,99.31999969482422,95.37999725341797,95.45999908447266,79570400,91.44903122894499,92.10408544977494,89.96027989671057,90.43668365478516,29116700,235.9291745717664,236.7202581070154,230.0204434260072,230.3036651611328,30028700
2023-01-19,132.08729648616435,134.22504400705918,131.78190613060963,133.25961303710938,58280400,94.73999786376953,95.44000244140625,92.86000061035156,93.68000030517578,69002700,90.03968954197848,92.90801675008117,89.95036051681471,92.35221862792969,37000400,228.32107414949724,230.02044931118633,225.2934553321454,226.51426696777344,28623000
2023-01-20,133.26947983700657,135.96876361967614,132.2252358649708,135.82098388671875,80223600,93.86000061035156,97.3499984741211,93.19999694824219,97.25,67481500,94.38684158568209,97.56284926169742,94.30743969004087,97.28494262695312,63191100,229.37586152604075,235.11856433736398,229.03402830061015,234.61070251464844,35389800
2023-01-23,136.06724948686616,141.18997887668803,135.85051793428082,139.0128173828125,81760300,97.55999755859375,97.77999877929688,95.86000061035156,97.5199966430664,76501100,97.21547353686756,99.28980464155275,96.768851099129,99.04167938232422,40005100,235.4701667569778,239.4451219045726,234.05401326238723,236.9156036376953,31934000
2023-01-24,138.22469014521045,141.03233904710638,138.2148441781761,140.4116973876953,66435100,96.93000030517578,98.08999633789062,96.0,96.31999969482422,66929500,97.36434045143623,98.86301898722769,96.47108809327639,96.96733856201172,33078500,236.83746410442902,238.2536026618758,234.82556885560982,236.38819885253906,40234400
2023-01-25,138.7960782416761,140.3131839948148,136.7469896041819,139.7516632080078,65799300,92.55999755859375,97.23999786376953,91.5199966430664,97.18000030517578,94261600,94.8533018075113,95.43888122108494,93.05687777021532,94.50592803955078,42330000,229.00472733419514,237.61878145041626,225.5083209962778,234.99159240722656,66526600
2023-01-26,141.0421976938989,142.10614847767724,139.79106829556534,141.82046508789062,54105100,98.23999786376953,99.48999786376953,96.91999816894531,99.22000122070312,68523600,95.77634102925325,96.83831673570589,94.66473724676266,96.78868865966797,30114000,237.96059966957264,242.51178905465864,236.3491342606083,242.2090301513672,33454500
2023-01-27,141.03234821855804,145.04185173584784,140.95353538112576,143.76116943359375,70555800,99.52999877929688,103.48999786376953,99.52999877929688,102.23999786376953,87775600,96.58025989693051,99.56768971813064,96.58025989693051,98.62481689453125,33879800,243.1759314324478,243.99631332473226,241.0663652215849,242.3653106689453,26498900
2023-01-30,142.80563325307273,143.3868611555781,140.7269911492517,140.874755859375,64015300,101.08999633789062,101.73999786376953,99.01000213623047,100.55000305175781,70691900,96.74899462729292,97.55291796280574,95.67709179848833,96.21304321289062,27226200,238.800498198392,239.86505718647808,236.5444408583153,237.04254150390625,25867400
2023-01-31,140.57917270592753,142.19479823056315,140.1654165994733,142.14553833007812,65874500,101.16000366210938,103.3499984741211,101.13999938964844,103.12999725341797,66527300,96.1435649864473,98.13848634508432,96.09393691253494,98.09878540039062,29870700,237.76524636318,242.16016779282285,237.27692175988636,242.0234375,26541100
2023-02-01,141.83030751885846,144.43107102589934,139.2196980441436,143.2686004638672,77663600,102.52999877929688,106.23999786376953,101.23999786376953,105.1500015258789,80450100,97.96976188272887,100.4311674201682,96.84823860370668,99.67686462402344,35531100,242.2090148020215,249.22134928704855,239.7380933835384,246.8480987548828,31259900
2023-02-02,146.68702845858084,148.9331416858034,145.96788199485025,148.57850646972656,118339000,110.25,114.0,108.87999725341797,112.91000366210938,158154200,105.00659838352416,107.04122068782463,104.81802078918444,106.93204498291016,69883800,252.77635548169766,258.5092815709829,251.24300907004084,258.42138671875,39940400
2023-02-03,145.82995335488886,155.04099817815143,145.63292879315281,152.20379638671875,154357300,105.26000213623047,108.77999877929688,102.5199966430664,103.38999938964844,144374800,102.15812220922525,107.001524077653,101.81074839414418,103.99424743652344,65309300,253.47958267391422,258.03077225795073,251.09655585643634,252.31736755371094,29077300
2023-02-06,150.3025335672756,150.82465558006805,148.53912787485072,149.47500610351562,69858300,102.93000030517578,103.94999694824219,100.6500015258789,102.18000030517578,81945200,101.63210642135294,103.57740752067507,101.11600164820065,102.12835693359375,31999600,251.42861440323966,252.26851854905965,248.83072352097895,250.7742462158203,22518000
2023-02-07,148.40119485902974,152.92297488891165,148.40119485902974,152.35159301757812,83322600,101.16999816894531,102.41000366210938,98.08000183105469,102.11000061035156,119501300,102.44594943032921,107.36875324134532,102.34670084961068,106.83280181884766,49010200,254.44638350471178,262.4939623826704,254.00687949692542,261.3122253417969,50841400
2023-02-08,151.59301668652708,152.28261017293363,148.92328650742598,149.66213989257812,64120100,102.04000091552734,102.66999816894531,98.77999877929688,100.05000305175781,75878300,101.28471960228619,102.36654194573852,97.30478888374736,98.62481689453125,94743500,266.82060062873455,270.2974697516429,259.9938017557166,260.5016784667969,54686000
2023-02-09,151.49450140964842,152.036330247997,148.1844375441137,148.62774658203125,56007100,101.31999969482422,101.77999877929688,97.56999969482422,98.23999786376953,64622500,99.25010144018972,99.27987525907268,92.92786725246418,94.29752349853516,119455000,267.406514176899,267.5823336683287,256.66337397570203,257.4642333984375,42375100
2023-02-10,147.46354505272012,149.31842209117474,147.226745512614,148.99282836914062,57450700,97.55999755859375,98.81999969482422,96.2300033569336,97.61000061035156,52740100,94.73420738768355,96.02446157990344,93.54320934269664,93.86080932617188,54980700,255.42304410361132,257.92326347563693,254.57336413487155,256.9563903808594,25818500
2023-02-13,148.9336202674222,152.19940317198714,148.90402220916044,151.79489135742188,62199000,97.8499984741211,99.68000030517578,96.91000366210938,99.54000091552734,52841500,94.02953508899373,94.48608460376701,93.13628274609768,93.9005126953125,50076100,261.39043477453396,268.187905604371,260.9118563468283,264.9844970703125,44630900
2023-02-14,150.08801949687324,151.71598829923826,148.84485563822165,151.15359497070312,61707600,98.41000366210938,100.91999816894531,97.5199966430664,99.69999694824219,56202900,93.72186834498302,94.13871694148641,91.56814302420062,93.9699935913086,54726100,266.3029914231284,268.5492730065141,262.9921358196889,265.8146667480469,37047900
2023-02-15,151.06476513520522,153.4228390365263,150.83784167870803,153.25511169433594,65573800,99.08999633789062,101.16999816894531,98.44999694824219,101.16000366210938,47957600,93.78141137501834,96.39169368435806,93.44396469123609,96.21304321289062,50169000,262.71096776772004,265.070592011586,260.6156886085749,263.6900634765625,28922400
2023-02-16,151.4594283283723,154.24176636818623,151.3015770289575,151.65676879882812,68167900,99.20999908447266,100.62999725341797,98.0999984741211,98.1500015258789,56339200,94.65482792450676,96.9475029283623,94.02954741641373,94.79377746582031,42462600,258.50082598261054,261.1639673790336,256.42514795944504,256.669921875,29603600
2023-02-17,150.314927401964,150.95623873407766,148.83496427712012,150.5122528076172,59144100,97.80000305175781,97.94000244140625,95.6500015258789,97.19999694824219,60029400,94.13870649225572,94.84338120494091,92.51100566280641,93.6424560546875,34284100,253.96763447665674,254.65298350247923,250.64848588771906,252.66542053222656,30000100
2023-02-21,148.1936535747809,149.27896600318738,146.42757068306315,146.4966278076172,58867200,95.33999633789062,95.61000061035156,94.2699966430664,94.58000183105469,56580400,92.30259463412278,92.40184322144354,91.03219454318074,91.10166931152344,33629300,249.16023738002588,250.14913347081608,246.33065176998883,247.38807678222656,28397400
2023-02-22,146.88142431742384,147.9469997349945,145.19427453082793,146.9208984375,51011300,95.0999984741211,97.01000213623047,94.80000305175781,95.79000091552734,59534100,91.01234328752818,91.41927235281598,89.93052077730233,90.96272277832031,30884000,248.7784030931242,249.02317699870756,245.10679450937417,246.25233459472656,22491100
2023-02-23,148.0851281966049,148.3317887532872,145.27320688340583,147.4043426513672,48394200,96.12000274658203,96.43000030517578,93.66999816894531,95.81999969482422,48467000,91.23068695357419,91.25054121331061,89.08688880510833,90.20841217041016,41206400,250.2176469727612,251.470888034521,245.24383997273418,249.4441680908203,29219100
2023-02-24,145.14491019093927,145.22384336023686,143.77347836618958,144.75025939941406,55469600,93.52999877929688,94.13999938964844,92.31999969482422,93.5,57053800,88.76928933704684,89.21591174546491,87.91573789556128,88.46160888671875,36585100,244.73471364848396,245.75296637788725,242.91359545143786,244.0101776123047,24990900
2023-02-27,145.73692063205627,147.1774097603546,145.48038403430326,145.94410705566406,44998500,94.27999877929688,94.77999877929688,93.13999938964844,93.76000213623047,47470300,89.19606018066406,89.48388635539742,88.67002833376313,89.19606018066406,27502300,247.18246470486716,247.5349396941545,244.17663424902608,244.9305419921875,21190000
2023-02-28,145.085741426228,147.08862392793702,144.86867893348426,145.44093322753906,50547000,93.13999938964844,94.69000244140625,92.91999816894531,94.2300033569336,43959300,88.66012201714169,90.54587555642594,88.65019488627358,89.3846435546875,30142000,243.8633039596974,246.2327130884618,243.530400161919,244.2059783935547,22491000
2023-03-01,144.8686422706239,145.26329303666353,143.0729466587316,143.3689422607422,55479000,93.87000274658203,94.68000030517578,91.58999633789062,92.16999816894531,52299500,89.30524826014633,90.34736982458105,88.99756778401425,89.6823959350586,31111200,245.51798599082042,245.6844304356118,240.6518800855354,241.12185668945312,27565300
2023-03-02,142.4514066454644,144.7502847940671,141.97780754659183,143.96096801757812,52238100,91.41000366210938,92.2300033569336,90.38999938964844,92.12999725341797,55509400,88.98762560876229,91.58797286575883,88.91814328327715,91.31007385253906,32204400,241.3960138819759,246.14461839541934,240.47566166300976,245.86068725585938,24808200
2023-03-03,146.0624926286878,149.0914911594904,145.36198515518814,149.01255798339844,70732300,92.73999786376953,94.94000244140625,92.66000366210938,94.9000015258789,55759600,91.78648392755778,93.02711001692573,91.75670254078115,92.94770812988281,35160100,246.91809057504366,250.27638088786867,246.1348112059888,249.95327758789062,30760100
2023-03-06,151.7356876269036,154.21216902598104,151.41010897005816,151.77516174316406,87558000,95.19000244140625,96.55000305175781,93.73999786376953,93.75,52112400,93.31494162038848,95.25032313303056,93.29509493195017,94.41661834716797,32639300,251.06947021639408,254.68233526542298,250.62888019720313,251.50027465820312,24109800
2023-03-07,151.64689058754286,151.9724842932115,149.1112281718285,149.574951171875,56182000,94.05999755859375,95.08999633789062,92.77999877929688,93.55000305175781,49100700,94.26774701922037,94.95256755074698,92.8286160456438,93.15614318847656,27835500,250.94219252685468,252.30314976499983,248.09303566014898,248.83714294433594,21473200
2023-03-08,150.76879154793838,151.41997901042942,149.80188641133856,150.82798767089844,47204800,93.5999984741211,94.16999816894531,92.18000030517578,93.91999816894531,44899100,93.41419049538177,95.24038857658361,93.29508765749337,93.543212890625,34103300,248.72943432146894,249.21898211098042,245.56695978437247,248.39654541015625,17340200
2023-03-09,151.5087739759212,152.47567911750554,148.2232536400137,148.5784454345703,53833600,93.68000030517578,96.20999908447266,92.18000030517578,92.25,56218700,93.34470771502453,94.81360472856946,91.21082937894857,91.62767791748047,28813500,250.47221383190455,254.13402137976527,246.320843602342,247.04537963867188,26653400
2023-03-10,148.20352210122027,148.92376664622063,145.63824652167983,146.516357421875,68572400,92.66999816894531,93.56999969482422,90.25,90.7300033569336,69827500,91.47880785314275,92.09416114868083,89.72208455892081,89.95035552978516,35941000,245.8313095923703,247.50555459686285,242.4240613016346,243.3933563232422,28333900
2023-03-13,145.83556564568843,151.09436981836478,145.72703441304543,148.4600372314453,84457100,89.97000122070312,94.0199966430664,88.12000274658203,92.43000030517578,72397100,89.41440265175312,91.87580822116699,88.74942886454899,90.4267578125,37335600,242.2282313532918,252.51853507132006,240.5931435893199,248.6119384765625,33339700
2023-03-14,149.25922844223368,151.35090505544113,148.0949978910982,150.55172729492188,73695900,93.83000183105469,95.06999969482422,92.70999908447266,94.87999725341797,60912700,91.86587475509965,93.65237928484429,91.74677950123697,93.26530456542969,36050200,251.38279382163873,255.61249395987457,250.51139934035587,255.33834838867188,33620300
2023-03-15,149.17043689978033,151.2029174267054,147.91739708809698,150.94639587402344,77167900,93.22000122070312,96.66999816894531,93.06999969482422,96.19999694824219,70731800,92.52093982631897,96.20311744437676,91.94528745764846,95.38926696777344,50622100,254.54529007919024,260.9094116100634,253.79136732872547,259.8911437988281,46028000
2023-03-16,150.1274466592856,154.3700101664544,149.6143886164517,153.76815795898438,76161100,95.75,100.98999786376953,95.61000061035156,100.04000091552734,84446900,95.4785816363032,100.43116647994931,94.78383404910875,99.56768798828125,65492000,259.6659278592618,270.7786685592172,257.7762805795016,270.42620849609375,54768800
2023-03-17,153.99509488717774,154.64628226147335,152.21913616408204,152.9295196533203,98944600,99.79000091552734,100.66000366210938,97.45999908447266,98.94999694824219,87300200,99.50814641831961,102.06879309004395,99.34934263318691,100.85794830322266,61028500,272.4430981505929,277.40708916718296,270.5436506662001,273.588623046875,69527400
2023-03-20,152.99859207349292,155.7118577491849,152.0908681263484,155.29745483398438,73641400,98.41000366210938,98.4800033569336,95.69999694824219,97.70999908447266,62388900,99.36920316966915,100.98697707895346,99.12107791886092,100.46095275878906,32960400,271.189857247299,271.67940495199,264.2089021976658,266.5391540527344,43466600
2023-03-21,155.21856391429898,157.2707665184009,154.44896911905354,157.15237426757812,73938300,98.13999938964844,100.8499984741211,98.0,100.61000061035156,58597300,100.49071743651176,104.31184443694538,100.46094362067213,104.13319396972656,42110300,269.1338043529948,269.2512910447104,263.8858363792266,268.0567932128906,34558700
2023-03-22,157.17210596561782,159.97416620924432,155.7020036632039,155.72174072265625,75701800,100.44999694824219,102.0999984741211,98.61000061035156,98.69999694824219,57475400,103.48806284447173,105.79066457024909,102.55511717159571,102.59481811523438,43427400,267.68471260704814,275.16501681749725,266.49021486222443,266.5979309082031,34873300
2023-03-23,156.70836691747317,159.39203464017027,155.57371946683134,156.80702209472656,67622100,100.43000030517578,101.05999755859375,97.62000274658203,98.70999908447266,57559300,104.27213883225404,105.50284536129094,103.67663982552884,104.80809020996094,40797800,272.12988903701245,275.18466315221104,269.44717610654766,271.8557434082031,36610900
2023-03-24,156.73795839634036,158.1981844310787,155.74145533462084,158.10939025878906,59196500,98.06999969482422,98.30000305175781,96.4000015258789,98.12999725341797,56095400,104.20267726028,104.69892775737729,103.06129960251988,104.64930725097656,30393300,271.44445936393123,274.76360784861777,269.52544032042374,274.7048645019531,28172000
2023-03-27,157.8035399490982,158.62245469903792,155.76118357485748,156.16571044921875,52390300,99.06999969482422,99.33999633789062,97.08000183105469,98.04000091552734,46721300,103.83544837056961,103.97439789278444,101.16561848824847,101.69164276123047,31120900,274.6362856404628,275.5762089469485,269.7603793312512,270.6024169921875,26840200
2023-03-28,155.8598764210837,156.37293460313032,153.8964529365925,155.5441436767578,45992200,98.11000061035156,98.44000244140625,96.29000091552734,97.23999786376953,38720100,101.67179161770622,101.68171117444312,98.99203472350514,100.2723617553711,32057900,270.02476204854537,270.3674514567512,266.3629244825979,269.4764709472656,21878600
2023-03-29,157.241143834068,158.8987103608656,157.22142183199622,158.62245178222656,51305700,98.69000244140625,100.41999816894531,98.55999755859375,100.25,49783300,101.5129867194246,101.72141099130168,99.89521304408497,100.6296615600586,28779600,273.12844134818954,275.2628920047133,272.5899508360895,274.64605712890625,25087000
2023-03-30,159.3722779761809,160.29972384705454,159.11575648092384,160.19119262695312,49501700,101.55000305175781,103.04000091552734,101.01000213623047,102.0,53633400,100.15326948059464,100.4013947056614,99.03173861709708,100.13341522216797,33086200,278.28835097959796,278.51352384288515,275.59583810054556,278.1120910644531,25053400
2023-03-31,160.27014967971024,162.79595111857384,159.74723055627194,162.69728088378906,68749800,102.16000366210938,103.48999786376953,101.94999694824219,103.29000091552734,56750300,100.5403405183242,103.11091412057462,100.28228817356023,102.95211791992188,36863400,277.7988101339081,283.22297833808955,277.0840595769203,282.27325439453125,32766000
2023-04-03,162.07570339841976,164.06870961825848,162.02636828199599,163.9503173828125,56976200,102.30000305175781,103.29000091552734,101.43000030517578,102.41000366210938,41135700,101.62217211579193,103.74612355244493,101.16562258542722,103.57740020751953,25035400,280.5304371238125,282.243854280698,278.01418435050056,281.2256164550781,24883300
2023-04-04,164.37458557847017,164.61137005549932,162.90448337873613,163.41754150390625,46278300,102.75,104.19999694824219,102.11000061035156,103.94999694824219,48662500,103.54762525002644,104.78825142936967,103.25979906775706,103.93470001220703,24420100,281.22557792158455,284.37826625345787,279.6981915128131,281.1766052246094,25824300
2023-04-05,162.53939919225064,162.84525578594236,159.63866946956193,161.57247924804688,51511700,103.91000366210938,103.91000366210938,100.75,101.0999984741211,45175400,104.98675068203352,105.30435068738927,102.88265348611964,103.68657684326172,28290500,279.87447046132644,281.14728273137956,277.00572765537777,278.3960266113281,22064800
2023-04-06,160.2602872813979,162.75650592852264,159.83603835658786,162.46051025390625,45390100,100.75,102.37999725341797,99.80000305175781,102.05999755859375,43808000,104.4706498559581,108.35132454892715,103.54762368954962,107.60694885253906,48711500,277.28961669659077,285.9741886409237,276.13429122558216,285.5042419433594,29770300
2023-04-10,159.26374836927192,159.8656005859375,157.94165171461705,159.8656005859375,47716900,100.95999908447266,102.19999694824219,99.56999969482422,102.16999816894531,37261200,106.17775899818363,106.78317763428655,104.33170655524751,105.64180755615234,27067400,283.16425520458193,283.5461168646444,278.758324614115,283.34051513671875,23103000
2023-04-11,160.1813212982619,160.19118229764916,158.3658887286299,158.6520233154297,47644200,100.80000305175781,101.0,99.01000213623047,99.91999816894531,60417800,105.75097264997711,105.9296231127123,103.89499326334945,104.55996704101562,26311800,279.77657491179383,280.0017776622644,275.7525062342862,276.9176025390625,27276600
2023-04-12,159.0664295213536,159.8952052146149,157.64566258721274,157.96139526367188,50133100,100.4000015258789,100.51000213623047,97.70999908447266,97.83000183105469,56735000,105.78074743753035,105.94947077272556,103.5575399759029,103.85529327392578,24370300,278.83665451028776,281.01024801713993,276.0657971281388,277.5638122558594,27403400
2023-04-13,159.47096870837692,163.58526449148977,159.26376724154565,163.3484649658203,68445600,98.94999694824219,102.56999969482422,98.70999908447266,102.4000015258789,67925100,105.04629398559699,106.68392202189075,105.04629398559699,106.62437438964844,24843600,277.66171935623237,283.8398102405288,277.2505159342496,283.78106689453125,24222700
2023-04-14,162.39141498863978,164.0983166124722,161.63171143290737,163.00314331054688,49386500,102.06999969482422,103.19999694824219,101.11000061035156,102.51000213623047,51450500,106.0884185328419,108.12304836716059,106.0387904599343,108.05357360839844,26578000,281.0004245840228,282.4494967636299,277.7596206838942,280.1584167480469,20987900
2023-04-17,162.8847436304976,163.1807392768596,161.83890539432053,163.0228729248047,41516200,103.16000366210938,103.7300033569336,101.58999633789062,102.73999786376953,39919500,103.87515724199652,105.3639087269098,103.73620013699751,105.17533111572266,37571200,283.8691389960497,285.50424155811174,280.1779598756737,282.76275634765625,23836200
2023-04-18,163.8812698478859,165.17376867697192,163.43726882906975,164.24632263183594,49923000,103.94999694824219,104.19999694824219,101.5199966430664,102.30000305175781,39790500,105.69141368807013,105.74104175957935,103.28956344176271,103.71633911132812,26596400,285.47494564173786,285.6609762185109,281.0102715584448,282.3418273925781,20161800
2023-04-19,163.58526647837797,165.91374248336922,163.32872989204589,165.3908233642578,47720200,101.58000183105469,105.12000274658203,101.38999938964844,104.30000305175781,58398900,102.80325882912756,104.19276178994863,102.29708118201934,103.39875793457031,20905700,280.01153882810775,283.0075689496162,278.5918681473136,282.4201354980469,17150300
2023-04-20,163.8713720291843,165.62759364761484,163.34845295487423,164.42388916015625,52456400,103.52999877929688,105.25,103.20999908447266,103.80999755859375,57696900,103.13077864388401,105.45322726139375,103.09107769672384,104.50042724609375,27820800,279.28699001904164,282.98796979588815,279.1205306378155,280.1289978027344,23244400
2023-04-21,162.84527188495923,164.22656472043278,162.2927547507698,162.815673828125,58337300,106.0999984741211,108.1500015258789,105.08000183105469,106.95999908447266,86774200,104.67906972482673,105.20509398319376,103.99424168995147,104.61952209472656,25800100,279.0520247927153,280.28566483452795,277.14277656950355,279.7863464355469,21676400
2023-04-24,162.79594256316088,163.38793383083043,161.70076925644653,163.1215362548828,41949600,107.66000366210938,109.2300033569336,105.06999969482422,106.20999908447266,69575600,104.69892730879049,105.83037783155005,103.91485061807437,105.17533111572266,23542800,276.19304795792937,278.9932766450886,272.8935008803915,275.8797302246094,26611000
2023-04-25,162.98342757965568,164.08846202710322,161.54292334211996,161.5823974609375,48714100,104.91000366210938,105.44999694824219,102.44999694824219,102.56999969482422,65026800,105.03637557743666,105.88992698575956,103.06129326840653,103.07122039794922,46664100,273.6670032666064,275.7133093545648,269.6135333988626,269.6625061035156,45772200
2023-04-26,160.88183289858796,163.07217921755856,160.6253114130636,161.57247924804688,45498800,105.04000091552734,106.62000274658203,104.0999984741211,104.9800033569336,73803800,104.13319140174777,105.552467975158,101.86036345847234,102.93226623535156,53347600,290.49764832472823,293.30764764371935,286.61063797416637,289.1954345703125,64599200
2023-04-27,162.98341161052969,166.3083906842776,162.98341161052969,166.160400390625,64902300,108.16000366210938,110.86000061035156,106.80000305175781,109.81999969482422,149961200,103.6667276651916,107.55733738673939,102.76355568188747,106.7831802368164,50089200,289.7829594762134,298.8200236671266,289.0780093674142,298.4577331542969,46462600
2023-04-28,166.23929989320473,167.58113348539575,165.63744772931847,167.41339111328125,55275900,107.7300033569336,109.4800033569336,104.33000183105469,105.44999694824219,130715900,106.23730369371071,106.54497656828984,104.3019222779164,106.53504943847656,36139800,297.65485346356644,302.4719869299771,296.9694746134844,300.8369140625,36469600
2023-05-01,167.01875886308395,168.17312821243692,166.38730857655852,167.32461547851562,52472900,104.94999694824219,105.2300033569336,101.81999969482422,102.05000305175781,74728100,106.03879433997653,107.18017190898796,106.01894765339576,106.3960952758789,26681700,300.5529525833872,302.14888305967634,298.7709915681672,299.17242431640625,21294100
2023-05-02,167.81794875664258,168.07448533412125,165.30200842691818,166.2886505126953,48425700,101.47000122070312,103.9000015258789,101.1500015258789,103.62999725341797,73469400,106.33655628584265,106.3961039226054,102.93227756090715,104.53020477294922,30997200,301.3264234827943,302.71672228103625,297.5569000465208,299.0255432128906,26404400
2023-05-03,167.23584575291258,168.63687581044152,164.92710671677185,165.21322631835938,65136000,103.73999786376953,105.95999908447266,103.27999877929688,103.6500015258789,65051900,104.7386173549269,106.68391818406765,104.17289215243281,104.61952209472656,21795400,300.2103062048158,302.1586970048939,297.7331953825414,298.0367126464844,22360800
2023-05-04,162.68742177323023,164.8086963510818,162.11516752574818,163.5753936767578,81235400,104.04000091552734,105.38999938964844,103.30999755859375,104.0,45345500,104.69892635616654,104.80810206984134,103.1903281969406,103.9049301147461,23419500,299.8381792845817,301.3264234827943,297.05755180847615,299.0255432128906,22519900
2023-05-05,168.69605053726107,171.9717093122383,168.478988085668,171.25146484375,113453200,104.2699966430664,105.76000213623047,103.55000305175781,105.66000366210938,56951700,104.03394463322047,105.08599317017097,103.32926989883089,104.7783203125,26639300,299.32910233190466,305.448449715473,297.9094017870665,304.1560363769531,28197100
2023-05-08,170.1760244116815,171.5277343198539,169.8109716539451,171.18240356445312,55962800,105.04000091552734,106.0999984741211,104.69999694824219,105.83000183105469,49430900,104.39126361300254,107.15041539633948,104.37141692321681,106.96183776855469,26511400,303.6468563494258,303.7154001974436,299.6913026300948,302.1977844238281,21318600
2023-05-09,170.7384563843654,171.2219014856959,169.30782803221874,169.47555541992188,45326900,105.4800033569336,106.79000091552734,105.16000366210938,106.62000274658203,44089400,107.57717717560891,109.32398096474886,106.38617906657517,106.54497528076172,36360100,301.5614319841714,303.5587952895824,299.90675810012203,300.58233642578125,21340800
2023-05-10,170.7088427451169,171.70534597701706,169.6037932108191,171.2416229248047,53724500,108.0999984741211,110.66999816894531,108.05000305175781,110.19000244140625,78627600,107.160334717474,112.09306592369241,107.12063376861364,110.9119873046875,63153400,302.16847643254437,306.4569199007131,301.23835354911984,305.7813415527344,30078000
2023-05-11,171.5277321199156,172.25783762602444,169.87016559220018,171.42906188964844,49514700,111.02999877929688,113.27999877929688,110.48999786376953,112.18000030517578,74924800,114.53460704620213,117.03570601894897,113.55203326107099,115.69583129882812,78900000,303.61748766498266,304.6161542102312,299.8577649374575,303.62725830078125,31680200
2023-05-12,171.53776144545145,171.97248691459123,168.94918806657878,170.5003662109375,45533100,112.16000366210938,112.63999938964844,109.31999969482422,110.26000213623047,49852700,115.8050066061785,117.14488132168266,115.23928138975758,116.6287841796875,41102300,304.0581273381705,304.1560428743244,300.1907176369154,302.51116943359375,19774700
2023-05-15,171.08328687103295,171.13269023363048,169.41355271544793,170.00636291503906,37266700,111.1500015258789,112.29000091552734,109.25,111.19999694824219,53011100,115.2392819935686,117.59151189110723,115.14003341637807,115.63628387451172,36266800,302.63841521778266,303.4216796405487,301.15997149921776,302.9908752441406,16336500
2023-05-16,169.92732055004092,171.063522510836,169.7395968176441,170.00636291503906,42110300,111.05000305175781,114.79000091552734,111.05000305175781,113.4000015258789,71472900,115.6164352654177,119.84449149553303,115.55688763062979,118.6137924194336,45035600,303.35312967414006,307.1520247952151,303.35312967414006,305.22320556640625,26730300
2023-05-17,169.65065404284252,170.8560084675657,168.37611683004315,170.618896484375,57951600,114.88999938964844,115.83000183105469,114.22000122070312,115.5,65655200,118.71304303528596,120.7575926346341,117.99844111686251,119.9338150024414,33323600,306.4301577933981,308.5299869808576,304.90922423008425,308.1080627441406,24315000
2023-05-18,170.92517510124802,173.13831574371522,170.51021405749552,172.95059204101562,65496700,116.69000244140625,118.5999984741211,116.33999633789062,118.1500015258789,73174100,120.04299070810453,122.38529363069811,119.92389543649637,121.90889739990234,35234200,308.6281820787948,313.05356636812974,307.83338325207785,312.5433044433594,27276000
2023-05-19,174.27452457823847,174.27452457823847,172.84191768629904,173.0592803955078,55809500,118.16000366210938,118.30999755859375,115.69999694824219,116.25,55056300,122.62349314866378,125.02534358621601,121.233990329754,121.83941650390625,41353400,310.7966243634161,312.7689179460215,310.43357190083395,312.3666076660156,27546700
2023-05-22,171.89343134950482,172.61468722054929,171.3697889134683,172.1107940673828,43570900,116.7699966430664,116.7699966430664,114.25,115.01000213623047,70741100,122.01807359628725,125.48189991592048,121.81956885585257,124.11225128173828,35253000,312.6218055626669,316.53692774518953,312.0428798975908,315.15338134765625,24115700
2023-05-23,171.05361929309908,171.300620989034,169.22580071286586,169.50244140625,50747300,114.2699966430664,117.13999938964844,113.77999877929688,114.98999786376953,67576300,123.22891477759688,123.69538383768969,121.29353348872816,121.64090728759766,34046300,314.0249365560636,316.664463629214,309.33462996251853,309.3444519042969,30797200
2023-05-24,169.03809335131075,170.35214430979713,168.4749372695529,169.7790985107422,45143500,115.3499984741211,117.33999633789062,115.0199966430664,116.75,63487900,120.21171384013235,120.99579047353133,118.96116056401159,119.99336242675781,34182600,308.8243994042462,310.5611762447715,306.7441540494219,307.9609069824219,23384900
2023-05-25,170.34228313513364,171.81440385308167,169.6309169197775,170.9153289794922,56058300,116.62999725341797,116.87000274658203,114.30999755859375,115.0,66496700,123.58621809330694,124.38022190229562,121.0454180200336,122.55402374267578,42317000,317.1746476449861,320.76597423507536,313.9954532630782,319.80438232421875,43301700
2023-05-26,171.24135456411133,173.6619683326656,171.03386649216068,173.32603454589844,54835000,116.04000091552734,121.5,116.0199966430664,120.11000061035156,96779900,122.24634848019274,124.32067954382788,121.53174653620708,123.67555236816406,35635900,317.9400880084301,327.14408677109617,317.80273053545227,326.6436767578125,36630600
2023-05-30,174.8376957969301,176.84334846181008,174.45237373510062,175.17361450195312,55964400,122.37000274658203,122.91999816894531,119.86000061035156,121.66000366210938,64314800,124.69782771082207,124.71768197166999,121.08512459905116,122.74259948730469,35076700,328.93976624150633,329.44017625595285,324.31812296404604,324.99517822265625,29503100
2023-05-31,175.20324889662425,177.19902686801004,174.64007778024913,175.12420654296875,99625300,121.44999694824219,122.04000091552734,119.16999816894531,120.58000183105469,72800800,121.82949030094537,123.12966410835033,121.58136506611656,121.94859313964844,37325800,326.0549025994876,329.636407832276,321.18795072131485,322.22808837890625,45950600
2023-06-01,175.5687945017499,177.95976900098933,174.8080250915144,177.9301300048828,68901800,120.69000244140625,123.48999786376953,119.93000030517578,122.7699966430664,54375100,121.8989611091008,123.48696104605021,121.70046395655,122.7922134399414,30772700,319.81420387671255,327.27160256990936,318.626916843916,326.33941650390625,26773900
2023-06-02,178.8588732872537,179.5998784017098,177.11009699591673,178.7798309326172,61996900,124.91999816894531,126.38999938964844,124.0199966430664,124.25,61264400,123.06018362345124,125.2039891873368,122.83191265844434,123.7350845336914,26980100,327.9780910808691,331.16710767327845,326.30997811609336,329.10650634765625,25873800
2023-06-05,180.43969339813148,182.73186141970515,175.90473056039738,177.42626953125,121946500,123.36000061035156,125.80000305175781,123.02999877929688,125.30000305175781,47950100,123.0800387874398,126.47439004972225,122.91130787950246,125.0650405883789,32305500,328.92992247927083,332.20724701987933,328.3804327326386,329.63641357421875,21307100
2023-06-06,177.81160982601426,177.95980483638854,175.30206376122024,177.06072998046875,64848400,125.06999969482422,127.4000015258789,125.0,126.61000061035156,45695200,125.06504658476162,127.32793996259925,124.41991945408888,126.35529327392578,26638300,329.03788733131825,329.077145159796,325.93720761541044,327.4188537597656,20396200
2023-06-07,176.29996795070792,179.03675150695423,175.1934049571889,175.68740844726562,61944600,127.01000213623047,127.37000274658203,120.62999725341797,121.2300033569336,95663300,126.01784008371891,128.072309065116,121.20421224846599,121.58135986328125,52539000,325.4268516357255,328.21355775333575,316.44854992905215,317.3120422363281,40717100
2023-06-08,175.76641213704826,178.67115468077665,175.3317017878174,178.40440368652344,50214900,123.01000213623047,125.62999725341797,122.26000213623047,124.25,62159300,121.31338907767194,122.3058899837172,120.33080772871682,121.22406005859375,29389200,317.86149995051085,320.5108483593011,317.2825744719845,319.15673828125,23277700
2023-06-09,179.32325097528164,180.0444917855316,178.4636898031236,178.78973388671875,48900000,124.08000183105469,125.80000305175781,123.19000244140625,123.43000030517578,51396000,121.33324695674678,122.83192558333546,120.99580025220958,121.31340026855469,23778300,318.8918385067795,323.79801789828633,318.32273487313944,320.6580810546875,22529000
2023-06-12,179.09600328256303,181.68457636718009,178.79959821677159,181.5857696533203,54274900,124.0199966430664,126.77999877929688,123.52999877929688,126.56999969482422,51338000,121.86918247837939,123.11973569214682,120.74765922363488,122.71280670166016,28306400,322.41450809645136,325.86847794256755,319.0586977831723,325.6231689453125,24260300
2023-06-13,180.60763322554558,181.9414332653256,180.2519501997803,181.11151123046875,54929100,128.1199951171875,128.41000366210938,125.18000030517578,126.66000366210938,50564800,124.04276764194177,124.22141810946202,122.25626296673931,122.9013900756836,22278300,328.19397978099306,330.65689152573293,324.1905503980353,328.0173645019531,22951300
2023-06-14,181.17078973520816,182.1785608236948,179.83698969165084,181.74383544921875,57462900,126.69999694824219,126.94999694824219,124.12000274658203,126.41999816894531,52422500,122.17687420804884,123.11975472159648,120.53924600846138,122.74259948730469,30592300,328.06645423161865,332.6782756005696,326.5651642872491,331.0101623535156,26003800
2023-06-15,181.7537423543279,184.28303741690132,181.57589328622848,183.77914428710938,65433200,125.20999908447266,127.69000244140625,124.31999969482422,127.11000061035156,60458500,122.21657309153177,124.51917511914434,121.48212446839356,124.15194702148438,35246300,331.14745722165407,343.2755169206702,330.8727124048623,341.56817626953125,38899100
2023-06-16,184.49051471623886,184.7474061455162,182.0600263098281,182.7022247314453,101256200,127.70999908447266,127.9000015258789,125.30000305175781,125.48999786376953,84247100,124.98564142278578,125.1642918916508,122.35551246478781,122.6036376953125,45535600,344.7277944942439,344.87497388637837,335.5336191446204,335.9064636230469,46552000
2023-06-20,182.19834264439277,183.86807659469073,182.19834264439277,182.7911376953125,49799100,124.97000122070312,127.25,124.5,125.77999877929688,56930100,122.00813366210225,123.63583450194002,121.22405705707857,122.1768569946289,26097500,332.94318456860884,335.6611975068298,329.55790839262113,331.7068176269531,26375400
2023-06-21,182.6824521359612,183.1863452547994,180.40015882951445,181.7537384033203,49515700,125.63999938964844,126.7300033569336,123.8499984741211,124.83000183105469,52137700,121.48211364469854,121.74016600309444,119.19935850880321,119.64598846435547,30306300,330.05838803781756,331.392884728933,325.83908471073244,327.3011169433594,25117800
2023-06-22,181.53638158238215,184.8066817993699,181.46721386744264,184.7572784423828,51245300,125.30999755859375,130.3300018310547,125.13999938964844,130.14999389648438,90354600,119.10011432011007,122.31581528654226,117.93889002281252,122.22649383544922,26952200,327.85049733442173,333.7379120738976,327.0851346160875,333.3356018066406,23556800
2023-06-23,183.32469398134634,185.3105825386594,182.79116178184807,184.44113159179688,53117000,129.11000061035156,130.83999633789062,128.27999877929688,129.3300018310547,71927800,120.46975408004121,121.86918395539071,120.15215410135052,121.42255401611328,34913600,328.0859928290581,331.61844775311465,327.1930945886858,328.7336120605469,23146900
2023-06-26,184.58929217864656,185.79466154962324,183.00847544024853,183.04800415039062,48088700,129.3300018310547,131.49000549316406,127.0999984741211,127.33000183105469,59989300,119.85441072671466,121.08510972170825,117.38307803534231,117.45255279541016,33969900,327.4580354070177,329.8031735626045,322.326161031866,322.4341125488281,21520600
2023-06-27,183.66059237854205,186.13060949863421,183.4432296659109,185.8045654296875,50730800,128.6300048828125,130.08999633789062,127.55000305175781,129.17999267578125,46801000,116.20200844412273,118.18701026555762,115.22935421985997,117.44263458251953,39535900,325.6329130408029,329.8424231990491,323.1209516740261,328.2920837402344,24354100
2023-06-28,185.67610944091012,187.6224840299043,185.3500804657921,186.98028564453125,51216800,128.94000244140625,131.47999572753906,128.44000244140625,129.0399932861328,52149500,116.2119384201713,119.48719474805245,115.97374030045428,119.27877044677734,27091400,328.3804225415333,331.6381330418555,327.54636600540425,329.548095703125,20259500
2023-06-29,186.8123450566035,187.7904773075337,186.67402469467498,187.31622314453125,46347300,128.77000427246094,129.25999450683594,127.26000213623047,127.9000015258789,40761000,118.34579765590422,119.15964803916606,117.41285201842581,118.20684814453125,24090900,328.4294754124527,329.80319974916614,326.37869587676175,328.7630920410156,16997000
2023-06-30,189.33175958026345,192.14757008838143,188.96618679019105,191.64369201660156,85213200,129.47000122070312,131.25,128.9499969482422,130.36000061035156,54350700,119.26883719212228,120.17201669011786,118.79244097715116,118.80236053466797,29532200,331.4124894085976,336.2990559171429,330.8728215370591,334.150146484375,26832800
2023-07-03,191.4559555638213,191.55476227365418,189.46017761633829,190.15179443359375,31458200,130.82000732421875,131.85000610351562,130.07000732421875,130.22000122070312,28264800,118.34581546548606,119.28869594561498,117.9289668686366,119.00086975097656,14467900,332.8253525301653,334.50325725838104,330.2545196865414,331.6478576660156,12508700
2023-07-05,189.27246641036476,190.66554451499093,188.33384790710164,189.03533935546875,46920300,130.24000549316406,131.39999389648438,129.63999938964844,130.3800048828125,35895400,118.34581833015085,121.69054946034393,118.33589877202023,120.83699798583984,27584800,328.8023217775131,335.23922664394627,328.4490912403642,331.8049011230469,18172400
2023-07-06,187.56322301313529,189.71708585705593,186.93089921117289,189.5095977783203,45094300,128.25,128.72999572753906,127.37000274658203,128.36000061035156,40639900,118.90161667979092,119.39786715412697,117.5121138372137,119.20928955078125,24745200,330.97085581956964,336.5540904646997,329.20464318433727,334.8663635253906,28161200
2023-07-07,189.11438325252212,190.35926638037827,187.95841711755844,188.39312744140625,46815000,128.58999633789062,130.97000122070312,128.1300048828125,129.77999877929688,41992300,119.19936829427263,120.1422487852775,118.50462062484308,118.58402252197266,21709500,332.95302725325797,335.3766815206191,330.67655240599004,330.8924255371094,21214800
2023-07-10,186.9901751208951,187.71143099184326,184.79679865953796,186.3479766845703,59922200,129.07000732421875,129.27999877929688,125.91999816894531,127.12999725341797,61889300,117.41286157602863,117.42278113323385,115.26905595945563,115.57672882080078,35315200,328.3215584005841,328.93974184694355,321.4430847345039,325.603515625,32791400
2023-07-11,186.8913747422291,187.0296950947768,184.3620796809065,185.82432556152344,46638100,127.75,129.77000427246094,127.3499984741211,128.77999877929688,49951500,115.41793425521223,116.82728376089246,114.48498095632307,116.26155853271484,23078800,324.847990500189,326.61420333708503,320.86417470223404,326.2315368652344,26698200
2023-07-12,187.4051170053163,189.4008949030878,186.2096372553674,187.49404907226562,60750200,130.30999755859375,131.25999450683594,128.8300018310547,130.8000030517578,54022800,117.90911694459177,119.42764220013913,117.52204217640053,118.03813934326172,30404400,330.2840246615467,335.239254199601,329.3714824206285,330.8727722167969,29995300
2023-07-13,188.21532339160274,188.897050597116,187.50395718374455,188.2548370361328,41342300,134.0399932861328,134.6699981689453,132.7100067138672,134.3000030517578,61170900,120.02314237165878,123.89389766157021,119.54673857522506,123.60607147216797,44297900,333.1884182275758,337.2899765909283,332.65854252311846,336.2302551269531,20567200
2023-07-14,187.948525384943,188.88712881002033,187.35573036289856,188.40301513671875,41616200,134.05999755859375,136.64999389648438,134.05999755859375,134.67999267578125,54487100,123.86413113846548,125.82927893055157,122.56394964464167,124.47947692871094,33283100,341.06784313435514,344.8357860625372,337.84939001164037,338.7619323730469,28352700
2023-07-17,189.59849130268125,191.9894809296959,189.50957431242833,191.66343688964844,50520200,134.55999755859375,135.6199951171875,133.2100067138672,133.55999755859375,48450200,124.99557527494002,126.14687246896142,123.26861812563564,123.71524810791016,25716200,339.19365704889503,340.479073827532,335.778974895852,339.24273681640625,20363900
2023-07-18,191.03112283932904,191.99936529239264,190.1122686661601,191.40655517578125,48288200,132.7100067138672,133.86000061035156,131.35000610351562,132.8300018310547,54882900,123.6656062716888,123.74500815821673,122.03790545876947,122.8319091796875,26193600,339.3408493429076,359.89775652883986,335.7495517583705,352.7445373535156,64738600
2023-07-19,190.78413334726974,195.8525983579603,190.3395181934612,192.76014709472656,80507300,133.38999938964844,135.99000549316406,132.52999877929688,135.36000061035156,54531000,123.6656104289081,124.24126276731612,120.88661245663589,121.11488342285156,37224000,354.96212416292167,355.65879334061907,345.8268193685884,348.4172668457031,39732900
2023-07-20,192.7502514500073,194.11370571807572,190.1913173439326,190.8137664794922,59581200,134.07000732421875,134.7899932861328,129.3300018310547,129.9600067138672,59820600,120.50946759155578,123.15944340000809,117.3334674734311,118.30611419677734,37906800,346.9355902267656,351.25302227091294,338.88944373248916,340.3612976074219,33778400
2023-07-21,191.77214478083425,192.63170595716375,188.93655473427472,189.63804626464844,71951700,131.33999633789062,131.3699951171875,128.4199981689453,130.0,133307300,119.71547124691322,120.08269176427814,117.8396449955782,119.11996459960938,72937900,342.5985119949176,343.72692730245325,333.45338612673345,337.3194580078125,69405400
2023-07-24,191.0903815041778,192.57239156999128,189.9442901017601,190.43829345703125,45377800,130.30999755859375,131.66000366210938,128.35000610351562,128.8000030517578,45591100,120.74767468990552,122.07762238859752,120.07277371039838,120.61864471435547,29686100,339.36047337459183,340.4104030714341,335.8868895829084,338.63433837890625,26678100
2023-07-25,191.01138196195058,192.1080702594407,190.60629550166382,191.2978973388672,37283200,129.30999755859375,129.5800018310547,128.52999877929688,129.1300048828125,39236700,120.44991665621404,122.22649427656242,120.11246239355489,121.29354095458984,52509600,340.59678737512286,345.2871238413171,338.595087649529,344.3941955566406,41637700
2023-07-26,191.34726521155525,193.29363971255637,191.00147189498233,192.1673126220703,47471900,126.51000213623047,129.0800018310547,126.11000061035156,128.14999389648438,53910100,129.09460190925336,129.99776623656712,127.35772529958219,128.30059814453125,61682100,335.0331862626318,338.20258898250944,326.8594744910843,331.4320373535156,58383700
2023-07-27,193.66910156142774,194.83494237556206,190.24071668140024,190.90267944335938,47460200,131.0,132.6300048828125,127.79000091552734,128.25,52610700,130.6825925035767,132.24082619562287,127.82418504749104,128.4296112060547,44952100,334.09118396383514,334.9252104578534,322.8756357431296,324.5143127441406,39635300
2023-07-28,192.3352927070371,194.27179277672036,191.8116502798051,193.48138427734375,48291400,129.69000244140625,133.00999450683594,129.3300018310547,132.2100067138672,46317400,129.799265024623,132.73707431896543,129.59084831881933,131.5857696533203,36591200,327.4089917663005,333.630023699817,326.91837382253794,332.0207824707031,28484900
2023-07-31,193.70862628447964,194.13347708185938,192.91821776612247,194.0939483642578,38824100,133.1999969482422,133.8699951171875,132.3800048828125,133.67999267578125,41901500,131.7346357432163,132.52863946512642,130.7917629491062,131.72471618652344,28055500,330.5980267133625,331.36338955022967,327.10479921092735,329.6167907714844,25446000
2023-08-01,193.88647197429418,194.37058568804014,192.93797875368105,193.26402282714844,35175100,133.5500030517578,133.69000244140625,131.6199951171875,131.69000244140625,42098500,129.79927708428264,131.6354099568871,129.70002092843689,130.56350708007812,23166800,328.9004847782133,332.1876312426991,327.4384527759718,330.0289001464844,18311900
2023-08-02,192.7008590133255,192.83917937620112,189.54912966810338,190.27037048339844,50389300,130.14999389648438,130.22999572753906,126.81999969482422,128.2100067138672,51027600,128.4792502900743,129.11445031870784,126.60342402236246,127.41728210449219,26273300,327.3697167947092,327.3697167947092,320.23611310138045,321.354736328125,27761300
2023-08-03,189.27245477585868,190.06284809201935,188.40300403713854,188.8772430419922,61235200,127.4800033569336,129.83999633789062,126.41000366210938,128.91000366210938,88585200,127.01035151213354,128.4197010851892,126.46447294473376,127.48674774169922,20089500,319.88292875697346,323.6901291419594,319.8338789360626,320.5305480957031,18253700
2023-08-04,183.29500493096032,185.13269797319032,179.7381748247779,179.80734252929688,115956800,141.05999755859375,143.6300048828125,139.32000732421875,139.57000732421875,153128500,128.31052393686713,130.52379685517826,126.9508024568463,127.14929962158203,26147200,325.65258996189004,328.85142872245865,321.0996408070944,321.6295166015625,23741500
2023-08-07,179.94570917112617,180.93371611312844,175.22303719441848,176.70504760742188,97576100,140.99000549316406,142.5399932861328,138.9499969482422,142.22000122070312,71213100,128.19140290262357,130.62302675673814,128.05245340079873,130.5436248779297,22746300,322.20840022870215,324.8969767831622,321.37434379580344,323.9157409667969,17741500
2023-08-08,177.5349496271552,178.10799539743132,175.45025461361834,177.6436309814453,67823000,140.6199951171875,140.83999633789062,138.4199981689453,139.94000244140625,51710500,129.64046232824563,130.52378752085772,128.56855954209357,130.41461181640625,23535200,320.82490464522823,322.58132541763825,316.9392185852385,319.9319763183594,22327600
2023-08-09,178.70078370635215,178.76006170176663,174.88707688488682,176.0529327392578,60378500,139.97000122070312,140.32000732421875,137.10000610351562,137.85000610351562,50017300,130.67266960839547,131.04980964495556,128.0326136306667,128.6876678466797,24912900,320.34405449895314,320.9720298428681,315.02574325936877,316.1836242675781,22373300
2023-08-10,177.3274561288203,178.58222898523437,175.47001359754938,175.8355712890625,54686900,139.07000732421875,140.41000366210938,137.49000549316406,138.55999755859375,58928400,130.33523442746744,131.0597558939105,128.47924731856517,128.7174530029297,20857800,319.90249855805087,322.1004872075801,315.153320674243,316.8704833984375,20113700
2023-08-11,175.4299516016464,176.71608281179377,174.6681548123879,175.89492797851562,52036700,137.39999389648438,139.3300018310547,137.0,138.41000366210938,42905800,127.6951647046181,128.95562989704715,127.20883382963942,128.58840942382812,19591100,314.25064527888804,316.3602966518782,313.22032953048887,314.986572265625,24355500
2023-08-14,176.0730260741773,177.77469387045335,175.42005736478495,177.54714965820312,43675600,138.3000030517578,140.58999633789062,137.75,140.57000732421875,47148700,128.41966944281373,130.3848166568811,127.99290139623254,130.34512329101562,24695600,315.35938689096906,317.9792696974629,314.0739404486972,317.95965576171875,18836100
2023-08-15,176.97334414092546,177.56693975444728,175.1628480821964,175.55857849121094,43622600,140.0500030517578,141.27999877929688,137.22999572753906,137.6699981689453,42781500,130.1168711231594,130.43446352895285,128.31051225646652,128.8067626953125,19770700,316.9391798843772,318.9899592196478,314.87857860821487,315.820556640625,16966300
2023-08-16,175.24197103328896,176.6369303294026,174.61868139075943,174.6879425048828,46964900,137.19000244140625,137.27000427246094,135.00999450683594,135.07000732421875,41675900,127.73486328125,129.3030165264677,126.91109328601117,127.73486328125,25216100,315.4468776467572,319.0064968080428,314.4635643997182,315.0535583496094,20698900
2023-08-17,175.25188574378228,175.61793712814787,171.6308936142582,172.14535522460938,66062900,135.4600067138672,136.08999633789062,133.52999877929688,133.97999572753906,48354100,128.82661397214423,131.0001932670892,128.32042884384344,128.94570922851562,33446300,315.19127673474406,316.4990703161301,310.93351302834594,311.59234619140625,21257200
2023-08-18,170.46346761685473,173.23362560342792,170.12709527960956,172.630126953125,61172200,131.6199951171875,134.07000732421875,131.14999389648438,133.22000122070312,48497700,127.54628706629671,128.2807431949733,125.4322628444653,126.50416564941406,30504800,309.24222157279775,313.0673251029197,306.35127777604174,311.19903564453125,24755000
2023-08-21,173.20391662712854,174.2526155537449,171.88809143364858,173.9656982421875,46311900,133.74000549316406,135.19000244140625,132.7100067138672,134.67999267578125,41442500,126.2262700322158,127.76464194810235,125.61091672255242,127.40734100341797,25248700,312.6248414758279,317.3840750264029,311.7497080998156,316.5089416503906,24040000
2023-08-22,175.17272569654475,175.78611232307705,174.3713618531986,175.34091186523438,42038900,135.0800018310547,135.64999389648438,133.72999572753906,134.25,32905400,127.54628200242816,129.3030127917116,127.35771955742976,128.1120147705078,22054900,320.0684430952582,320.63875154134485,316.09584940842353,317.07916259765625,16084600
2023-08-23,176.6171452729967,179.61484705303545,176.42916808280543,179.18942260742188,52722800,134.5,135.9499969482422,133.22000122070312,135.52000427246094,42801000,129.2037702845962,132.40955935337914,128.8960974039479,131.37734985351562,27819700,318.41655808292467,323.7067890708429,318.0625496482568,321.5434875488281,21166400
2023-08-24,178.74425133745834,179.16967585239115,174.13391827576947,174.49998474121094,54945800,136.39999389648438,136.77999877929688,131.8300018310547,131.83999633789062,43646300,132.94548953796456,133.24324283014445,128.59834599183964,128.8067626953125,28500700,327.29584833098056,327.4236838653866,314.6209250862832,314.6307678222656,23281400
2023-08-25,175.4893219988908,177.2404448053197,173.9459523611551,176.70620727539062,51449600,132.47000122070312,133.8699951171875,130.5800018310547,133.25999450683594,44147500,128.5685593040722,129.77941160779702,126.2957389175236,128.90602111816406,26762900,316.1057329442358,319.9308061397361,313.4802731864356,317.5905456542969,21684100
2023-08-28,178.17040801110178,178.6650784859593,176.64682959084442,178.26934814453125,43820700,133.77999877929688,133.9499969482422,131.85000610351562,133.13999938964844,34108400,130.32528013006436,131.54605189710958,129.1640559890661,130.02752685546875,20543300,320.2258392914253,320.70765324549666,316.35158216920695,318.2985534667969,14808500
2023-08-29,177.78457014737916,182.9291401969668,177.58670497165372,182.15745544433594,53003900,133.3800048828125,135.13999938964844,133.25,134.91000366210938,38646100,131.2483531486961,135.54588480212715,131.2483531486961,133.56088256835938,43075600,316.5088968490621,323.4904274361002,316.5088968490621,322.929931640625,19284600
2023-08-30,182.9687204884091,185.84770631972717,182.77085531463172,185.6498260498047,60813900,134.92999267578125,135.67999267578125,133.9199981689453,135.07000732421875,36137000,133.76926593538553,135.2580172391428,133.06459879911617,134.86102294921875,28315800,323.1855960723184,324.30655763191555,321.0026393422181,323.3035888671875,15222100
2023-08-31,185.8377983965077,187.10415359099386,185.48163505454943,185.8674774169922,60794500,135.05999755859375,138.7899932861328,135.0,138.00999450683594,58781300,134.99003046339,136.96511253819318,134.77167907243245,135.14883422851562,30053800,323.7067756652974,325.3882331373902,321.32714408962795,322.2908020019531,26411000
2023-09-01,187.47023078000296,187.89564016216337,186.27312153245367,187.4405517578125,45766500,139.4600067138672,139.9600067138672,136.8800048828125,138.1199951171875,40991500,136.42915878507017,136.42915878507017,133.838731240279,134.6426544189453,21543700,325.78155572289427,326.45020162379865,321.32714728180537,323.17578125,14942000
2023-09-05,186.27313129788112,187.9550080601447,185.6102746073009,187.67799377441406,45280000,137.72999572753906,137.8000030517578,135.82000732421875,137.27000427246094,40636700,134.42433443329878,135.3969811480602,133.57078298930236,134.75186157226562,19403100,323.5100674616456,329.26245612182606,323.17574454916013,327.984130859375,18553900
2023-09-06,186.3918455631262,186.8370611072444,179.53571941437733,180.9603729248047,81755800,136.32000732421875,137.4499969482422,134.61000061035156,135.36000061035156,41785500,134.9999589338713,135.50612887444444,132.66757606735212,133.45166015625,18684500,327.8170045681073,328.87896976670504,324.67038989138393,327.3253479003906,17535800
2023-09-07,173.31276751432003,176.3104849506932,171.69024870609164,175.6674041748047,112488800,133.89999389648438,138.02999877929688,133.16000366210938,137.85000610351562,48498900,132.58819181549026,134.56327406172488,131.9529918442149,134.24566650390625,18844300,325.76188443553343,327.52199370609907,323.539586687025,324.4049072265625,18381000
2023-09-08,176.4489935101174,178.31884760950354,175.89494980617377,176.28079223632812,65551300,136.86000061035156,138.85000610351562,136.75,138.22999572753906,38348200,133.89829184203546,135.63516831051766,133.83874421478527,135.35726928710938,23558300,324.5818961212668,330.55061528459504,323.96240391702685,328.692138671875,19530100
2023-09-11,178.1506198206809,178.37816399656032,175.44970834431305,177.44818115234375,58953100,138.75,143.6199951171875,138.63999938964844,143.10000610351562,56764500,135.51609424553192,136.44904770755304,134.77171841660422,135.89324951171875,20763400,331.6126024523964,332.7729350743732,329.83280759348713,332.3009338378906,16583300
2023-09-12,177.57682236385347,178.2100000030001,172.95660168355545,174.4208221435547,90370200,142.32000732421875,143.0,140.61000061035156,141.22999572753906,42668500,135.23817228733398,135.84359846496358,134.17620415931236,134.3250732421875,18405500,330.2163241256409,331.1701393555617,325.9487474293145,326.23388671875,17565500
2023-09-13,174.6285913393108,175.41017925863045,172.1255595752841,172.35311889648438,84267900,140.9499969482422,144.97999572753906,140.8699951171875,144.85000610351562,60465200,134.07695258141447,135.87337691641153,133.1439992452725,135.684814453125,20749500,325.78153225775213,331.2290964296317,325.64388399787714,330.4522705078125,16544400
2023-09-14,172.14533201670497,174.22295413122683,171.72981061302968,173.86679077148438,60895800,145.0800018310547,145.86000061035156,142.9499969482422,144.72000122070312,64033600,136.56814159733074,137.65988359424148,135.21833965192076,137.06439208984375,24751000,333.4907212996785,335.1721787492822,330.9537860249842,333.0482482910156,20267000
2023-09-15,174.59887884816905,174.61866989320765,171.96724351151664,173.14454650878906,109259500,142.69000244140625,143.57000732421875,140.08999633789062,140.38999938964844,102909300,136.94528129329058,137.48124030456012,135.45652981988454,136.36962890625,38919600,331.2979901364791,331.76996140047095,324.14928194769504,324.70977783203125,37679800
2023-09-18,174.59890495957814,177.46800307348116,174.2922116482627,176.07302856445312,67257600,140.47999572753906,141.75,139.22000122070312,139.97999572753906,42823500,135.58553091684237,138.11641091147985,135.58553091684237,137.1735382080078,21861300,322.33013776149687,324.8867587399462,320.91416398907404,323.5691223144531,16834200
2023-09-19,175.62783421196144,177.71534451200176,175.24199179139225,177.16131591796875,51826900,138.6999969482422,138.83999633789062,135.55999755859375,137.6300048828125,61482500,136.38947604665375,137.3720574197808,135.59547227341233,137.00482177734375,20353700,320.7273564750353,323.8936269378206,319.0950525710311,323.16595458984375,16505900
2023-09-20,177.3492658362857,177.78457830053213,173.5304088946865,173.6194610595703,58436200,138.5500030517578,139.3699951171875,135.1999969482422,135.2899932861328,46263700,137.0445103226659,137.0445103226659,132.61795015441228,132.737060546875,29927500,324.011630056917,324.0902819305911,315.16180885547175,315.4174499511719,21436500
2023-09-21,172.6894667209782,174.42081339229338,172.00681904661934,172.07606506347656,63149100,131.94000244140625,132.24000549316406,129.30999755859375,129.3300018310547,70343300,130.45430805462482,131.23837702598837,129.09458679982205,129.46180725097656,31503900,313.9326668019127,319.92104220969213,309.74374183349397,314.1981506347656,35560400
2023-09-22,172.80817906033587,175.19249433338604,172.19479251227028,172.92689514160156,56725400,131.11000061035156,132.02999877929688,128.52000427246094,129.1199951171875,59904300,129.7794091306759,131.03988948397537,128.62811962390344,129.2732391357422,26397300,315.9582935275562,316.0861290808594,310.87454964946875,311.72021484375,21447900
2023-09-25,172.34318970903263,175.08366835534056,172.2937196425223,174.20315551757812,46172700,129.36000061035156,131.77999877929688,128.77000427246094,131.27000427246094,46017800,128.85640052897944,130.1863481711838,127.99292954617495,130.12680053710938,20094600,311.30714288538854,312.3691380159858,309.74367839544084,312.2413024902344,17836000
2023-09-26,172.95662192119033,173.33256128157663,169.8303003575296,170.12710571289062,64588900,130.1199951171875,130.38999938964844,125.27999877929688,125.9800033569336,73048200,128.79687139354553,129.3824434051979,126.26599057134231,127.60587310791016,25718700,309.87155496791354,310.60904001416407,304.8468079151213,306.93145751953125,26297600
2023-09-27,170.7800319235512,171.19555331579562,167.24809254140138,168.61337280273438,66921800,125.76000213623047,127.4800033569336,124.12999725341797,125.9800033569336,66553400,127.60586778894698,129.918381917851,127.60586778894698,129.5610809326172,22746500,307.08877368705123,309.0554005566663,304.522340026209,307.57061767578125,19410100
2023-09-28,167.53501945328387,170.19634944676713,165.8333515413796,168.87063598632812,56294400,124.04000091552734,126.58000183105469,123.04000091552734,125.9800033569336,54555000,128.86633128049803,132.3003915392616,128.81670319967085,131.31781005859375,22513100,305.80059829589936,310.21569548688444,304.28631739647443,308.4064025878906,19683600
2023-09-29,170.18643455541363,171.22524557281096,168.52433390834895,169.38507080078125,51861100,128.1999969482422,129.14999389648438,126.31999969482422,127.12000274658203,62411700,132.28052789506322,133.04475788137387,129.38242688382053,129.87867736816406,30859800,312.4478279409763,314.1391281627372,309.7240606687745,310.481201171875,24147300
2023-10-02,169.39496352748424,172.4421355524603,169.10804618991,171.8979949951172,52164500,127.27999877929688,130.47000122070312,126.54000091552734,129.4600067138672,48029700,130.2260545847838,133.41197411116025,130.1863460664677,133.16384887695312,22288000,311.0023277139253,316.51873090270954,309.9206770878558,316.4302062988281,20570000
2023-10-03,170.42387079713225,171.77927819729268,168.99923247491208,170.5623779296875,49594600,128.05999755859375,128.52000427246094,124.25,124.72000122070312,51565000,132.93559116374053,133.25318362014062,130.8513329307273,131.43690490722656,22989400,315.47643841498,316.02712155021527,306.0169679036218,308.1606140136719,21033500
2023-10-04,169.26633133730053,172.35308521759683,169.14761525980057,171.80894470214844,53020300,126.05999755859375,127.36000061035156,125.68000030517578,127.0,44203900,131.79422066963576,134.55338779159422,131.5361758233423,134.22586059570312,26752300,308.78990640782996,314.69962955610083,308.7604082061058,313.63763427734375,20720100
2023-10-05,171.93756684563112,173.57987653919332,170.83939772477277,173.04563903808594,48527900,126.70999908447266,126.7300033569336,124.33000183105469,125.95999908447266,39660600,134.05709838867188,134.4739469324216,132.4492366977958,134.05709838867188,19832600,313.76549150792954,314.6406549001424,309.6454056684001,314.0309753417969,16965600
2023-10-06,171.94747372177912,176.092815045354,171.33407201891083,175.59814453125,57266700,124.16000366210938,128.4499969482422,124.12999725341797,127.95999908447266,46836700,133.00504324406194,137.123931161278,133.00504324406194,136.54827880859375,27597600,311.2678258217484,323.6969208452724,311.0219974867104,321.79913330078125,25673600
2023-10-09,174.925397135301,177.14152662960254,173.92616806085798,177.08216857910156,42390800,126.22000122070312,128.7899932861328,124.76000213623047,128.25999450683594,38773700,135.9130912652546,137.89809329303546,134.59306309945669,137.38198852539062,19278100,319.3310305664322,324.7884080000268,317.78722130749577,324.3164367675781,19891200
2023-10-10,176.20163840129018,177.80436599291428,176.05322819338144,176.48854064941406,43698000,128.82000732421875,130.74000549316406,128.0500030517578,129.47999572753906,42178600,137.46137628621005,138.67222861017186,136.30015203671138,137.02467346191406,27786600,325.4374015243932,325.57507980738603,322.202321974192,322.9103088378906,20557100
2023-10-11,176.30057789253502,177.9329997364432,175.7069823006886,177.88352966308594,47551100,129.74000549316406,132.0500030517578,129.61000061035156,131.8300018310547,40741800,137.54077424532727,140.05180026889775,137.54077424532727,139.49600219726562,25884300,325.6832464860802,327.26639677950044,323.64781040646227,326.8730773925781,20063200
2023-10-12,178.1506662685904,180.39645978644091,177.13163100626258,178.78384399414062,56743100,132.1699981689453,134.47999572753906,131.22999572753906,132.3300018310547,55528600,139.9922602118785,140.16098355386808,137.2231741164266,137.9278564453125,24765500,325.05394288857616,328.0628797237766,323.23480695672527,325.63409423828125,19313100
2023-10-13,179.48624788964275,179.9908063804386,176.24121051823693,176.9436492919922,51427100,132.97999572753906,133.30999755859375,128.9499969482422,129.7899932861328,45786600,138.33479709793974,138.95014288451765,135.59548458868076,136.32994079589844,23420500,326.8337234807313,328.25950995278436,320.91415741201166,322.2613220214844,21072400
2023-10-16,174.86604498115446,177.17121162893596,174.62859767499688,176.81504821777344,52517000,130.69000244140625,133.07000732421875,130.42999267578125,132.5500030517578,42832900,137.13385103003665,138.58290904447986,136.9552081327783,138.056884765625,28501900,325.52595200584636,330.531044586904,325.08347889530205,327.0894470214844,22158000
2023-10-17,174.7670787756051,176.51821654411026,172.93680701299223,175.26174926757812,57549400,130.38999938964844,132.5800018310547,128.7100067138672,131.47000122070312,49344600,137.5904036136543,138.85086884355698,136.1512652036196,138.67222595214844,23515800,324.09025768703805,327.8956757176601,321.9466416917106,326.51904296875,18338500
2023-10-18,173.70847504574286,175.68715682310025,173.24348362037233,173.9656982421875,54764400,129.89999389648438,130.6699981689453,127.51000213623047,128.1300048828125,42699500,138.40424694073948,139.66472731928488,136.34977796075492,136.92543029785156,23375000,326.94182238673613,329.9900995519493,322.82173734889005,324.6015319824219,23153600
2023-10-19,174.16358722416024,175.9444040866048,173.32265641144056,173.58978271484375,59302900,130.57000732421875,132.24000549316406,127.47000122070312,128.39999389648438,60961400,137.46137089391803,138.6126755411059,136.34977476248778,136.7169952392578,26066000,326.60754929555145,331.2586326156587,325.38825024680347,325.7914123535156,25052100
2023-10-20,173.44138408316581,173.55021220691836,170.79984518424126,171.03729248046875,64244000,128.0500030517578,128.1699981689453,124.97000122070312,125.16999816894531,56406400,136.30018312908905,136.83612708020706,134.06705556809382,134.58316040039062,26335700,326.18471469225653,326.381389371038,320.019350620081,321.218994140625,25027700
2023-10-23,169.08827156264798,172.15521956196545,168.11870652701532,171.15599060058594,55980100,124.62999725341797,127.87999725341797,123.9800033569336,126.55999755859375,48260000,134.02730625143084,136.62766874033358,132.94548397466383,135.4763641357422,26317900,320.0390357293436,327.1779011119036,318.97707038724695,323.8247985839844,24374700
2023-10-24,171.20546620053886,171.81885280099095,169.62251453312876,171.59130859375,43816600,127.73999786376953,128.8000030517578,126.33999633789062,128.55999755859375,46477400,136.79639635920353,138.31492147464493,136.38946736895807,137.76904296875,44814300,325.77172794180206,326.3027255972939,322.13348624926266,325.01458740234375,31153600
2023-10-25,170.04796051874604,171.21537582153513,168.83106004342108,169.27627563476562,57157000,126.04000091552734,126.33999633789062,120.79000091552734,121.38999938964844,74577500,127.19891771324542,127.3477867890197,124.13208602522081,124.66803741455078,84366200,339.2627712727239,340.42310386646625,331.9862582686526,334.9853820800781,55053800
2023-10-26,168.55401686361284,169.55326090861308,163.90411730631092,165.11111450195312,70625300,120.62999725341797,121.63999938964844,118.3499984741211,119.56999969482422,100419500,122.34558034438075,123.39763642797095,120.36057858115953,121.36300659179688,57061100,334.8575801473551,335.9293882372037,321.4845108470067,322.4186706542969,37828500
2023-10-27,165.13089150916355,167.1590433521086,165.05174242645685,166.4269256591797,58499100,126.19999694824219,130.02000427246094,125.5199966430664,127.73999786376953,125309300,121.95851234164765,122.3852880471967,119.30853665872229,121.25383758544922,44566500,324.9162596517857,331.1013097225857,322.92013452668544,324.3066101074219,29856500
2023-10-30,167.218431744534,169.3455090048735,167.07002152646473,168.47488403320312,51131000,129.72000122070312,133.0,128.55999755859375,132.7100067138672,72485500,122.2860385724438,124.45961803038976,121.82948905369454,123.52666473388672,28940100,327.84651090030354,333.78573199598327,326.2928589871081,331.6814270019531,22828100
2023-10-31,167.54493591120394,169.07840267280156,166.1103791143827,168.94979858398438,44846000,132.75,133.57000732421875,131.7100067138672,133.08999633789062,51589400,124.12216757392719,124.42984802046038,121.76994514607122,123.14952087402344,26292300,333.1957815178894,333.3432725394677,329.105193805489,332.4681091308594,20265300
2023-11-01,169.1773175299865,172.37288485640974,168.3066925856151,172.11566162109375,56934900,133.9600067138672,137.35000610351562,133.7100067138672,137.0,61529400,123.13959001581209,125.54144044779346,122.79221620493564,125.50173950195312,30082400,334.120080906605,341.6227672265474,333.9824026215242,340.2952880859375,28158800
2023-11-02,173.64913976332178,175.88504503012373,173.58978171760563,175.6772918701172,77334800,138.72999572753906,138.80999755859375,136.47000122070312,138.07000732421875,52236700,127.4569770417309,128.01277518054732,125.97815266684763,126.53395080566406,27124600,341.44572570080203,343.00919036132757,339.0169404715558,342.5077209472656,24348100
2023-11-03,172.38275929327585,174.9352605593319,171.50224651940002,174.76705932617188,79829200,138.99000549316406,139.49000549316406,137.4499969482422,138.60000610351562,44059800,127.05997884535377,128.55864986310226,126.90117505497481,128.1318817138672,26393100,343.7958771188286,348.4764586181646,341.5342382393827,346.9129638671875,23637700
2023-11-06,174.49998235165765,177.51746053122469,174.3317961816863,177.31959533691406,63841300,138.75999450683594,140.72999572753906,138.36000061035156,139.74000549316406,44970400,128.08224111307598,129.3625605799608,127.7050859338931,129.2732391357422,19052700,347.5521269803011,351.57387511294206,347.4537896404017,350.5807189941406,23828300
2023-11-07,177.2701137835187,180.495375116872,177.06236062659886,179.88198852539062,70530000,140.5500030517578,143.3699951171875,140.5,142.7100067138672,53553500,129.729793973687,130.92079197589274,128.9060164432014,129.9878387451172,29757300,353.40285853517474,356.41179538181575,351.66240447944193,354.5140075683594,25833900
2023-11-08,180.40634475587757,181.4946108426327,179.65443590363796,180.94058227539062,49340300,142.97000122070312,143.1199951171875,141.22000122070312,142.0800018310547,44521700,129.98784740054361,131.21855399990926,129.7992698016351,130.851318359375,26425800,355.6448096480016,357.7982685541479,354.53366062237825,357.13946533203125,26767800
2023-11-09,181.00982351508927,182.15744752284814,179.87207238589124,180.46568298339844,53763500,142.02000427246094,142.64999389648438,139.83999633789062,140.60000610351562,36235400,130.97042365935377,131.55599554780142,129.09459758945283,129.26332092285156,23747800,356.2544152579837,358.7028859089797,354.3467849553374,354.6712951660156,24847300
2023-11-10,182.2488540012565,184.8245355233408,181.81296804065445,184.65611267089844,66133400,140.4600067138672,143.64999389648438,139.91000366210938,143.55999755859375,49287800,129.1243853429863,131.80413499720473,128.43955723420933,131.595703125,26913300,355.45790886941,363.9242518356229,355.0449340954523,363.5014343261719,28042100
2023-11-13,184.08156757584422,184.28959445510736,182.4866293320066,183.07110595703125,43627500,142.0800018310547,143.22999572753906,140.6699981689453,142.58999633789062,35680600,130.7917686694096,131.59569198317294,130.26574439881477,131.0994415283203,18324800,362.0756513284613,362.3214796716584,359.79435710159004,360.56134033203125,19986500
2023-11-14,185.94396348691,186.35013134634684,184.55706727911962,185.6864013671875,60108400,145.0,147.25999450683594,144.67999267578125,145.8000030517578,56674600,133.1836984817578,134.68236939202447,132.3202275430886,132.6179656982422,32395200,364.81910296344984,365.7434199318085,361.22017242867213,364.0914306640625,27683900
2023-11-15,186.09257648247507,187.72713387081996,186.02322411136396,186.25106811523438,53790500,147.05999755859375,147.2899932861328,142.58999633789062,143.1999969482422,63875700,133.85858358428234,134.01738735349468,132.5683446064248,133.61045837402344,23861500,365.8255298581335,367.6483575495915,361.7167780354336,364.23919677734375,26860100
2023-11-16,187.79646053927942,189.1734556093977,186.88505441646575,187.93515014648438,54412900,140.91000366210938,143.32000732421875,139.52000427246094,142.8300018310547,49653500,134.17621044610362,136.1909862320152,133.3127394362453,135.9031524658203,28013200,365.5102557263558,370.8210862145482,364.7417158302642,370.64373779296875,27182300
2023-11-17,188.47010270019993,188.5988913131576,186.80582731444395,187.91534423828125,50922700,142.66000366210938,145.22999572753906,142.5399932861328,145.17999267578125,49636700,134.98013143466227,135.03967906955006,132.64774810580346,134.29530334472656,37240600,368.12136824695096,368.87021288647435,361.6084886476014,364.4166259765625,40157000
2023-11-20,188.11347160798348,190.1145776039652,188.10357060538217,189.65887451171875,46505100,145.1300048828125,146.6300048828125,144.72999572753906,146.1300048828125,41951200,132.68745618308765,135.63518525511367,132.61797384637484,135.22825622558594,27815500,365.7665166021644,373.30412667259094,365.5497473551406,371.8951416015625,52465100
2023-11-21,189.61923040247643,189.72820188087152,187.96485622395673,188.85643005371094,38134500,143.91000366210938,144.0500030517578,141.5,143.89999389648438,71226000,135.2679473163652,136.15127255285424,134.9404353311043,135.94285583496094,22635300,370.15107352548625,370.692981489169,365.667899191601,367.5892639160156,28423100
2023-11-22,189.69849596618437,191.12501116236683,189.04466705374648,189.52017211914062,39617700,144.57000732421875,147.74000549316406,144.57000732421875,146.7100067138672,45669100,136.43909143782605,138.3744650434286,136.43909143782605,137.45144653320312,17813900,372.44686262583303,374.2105744423134,369.46137707263404,372.299072265625,23345300
2023-11-24,189.08427709134526,189.11399521175224,187.47943812523724,188.1927032470703,24048300,146.6999969482422,147.1999969482422,145.32000732421875,146.74000549316406,22378400,136.994895052353,137.0941511979509,134.9701999236649,135.66494750976562,12514300,371.786655950828,372.4172681851317,369.6288567640138,371.88519287109375,10176600
2023-11-27,188.14317764380084,188.88616092409407,187.13271615011263,188.01438903808594,40552600,147.52999877929688,149.25999450683594,146.8800048828125,147.72999572753906,53762400,135.00989924669568,137.3819758451791,134.98012543057615,135.38705444335938,23436500,371.24484030990743,375.0481498793526,370.673374141055,373.0479431152344,22179200
2023-11-28,188.0045033953615,189.29234420962146,187.62805366546104,188.6186981201172,38415400,146.97999572753906,147.60000610351562,145.52999877929688,147.02999877929688,42711700,135.0595159672369,136.22074013136128,134.40446177895313,136.17111206054688,18730000,372.7917190522952,377.3734005384554,372.60450791019576,377.07781982421875,20453100
2023-11-29,189.11401237919708,190.29288164913223,187.2020759179661,187.59832763671875,43014200,147.85000610351562,148.5399932861328,145.97000122070312,146.32000732421875,40610900,136.5383455929967,137.25293225328704,133.82880744021125,133.97769165039062,23967200,378.12229596347265,378.6543413206576,371.89513414585895,373.284423828125,28963400
2023-11-30,188.06394110215783,188.53946132762457,186.42938378571617,188.17291259765625,48794400,144.75999450683594,146.92999267578125,144.3300018310547,146.08999633789062,65814000,134.03725467489437,134.53350514378005,130.29552189907486,131.53614807128906,38988300,372.9296932561048,374.50619409044,369.95407010737097,373.3435363769531,30554400
2023-12-01,188.54934617033052,189.76783452208102,187.45963130874318,189.45083618164062,45704800,146.0,147.25,145.5500030517578,147.02999877929688,39951800,130.87120056152344,131.11932584583207,129.69012178511585,130.87120056152344,31442300,371.22509383375666,372.6045206628206,365.85514681042775,369.0081481933594,33040500
2023-12-04,188.20263336404662,188.2719857330804,185.69630404843608,187.65777587890625,43389500,145.25,145.35000610351562,142.80999755859375,144.83999633789062,48294200,128.90602431139112,129.05489339161807,126.94086915840347,128.30059814453125,36669900,363.67758971521135,364.0914026926199,357.56866135332547,363.7170104980469,32063300
2023-12-05,188.4304529607772,192.58123974828874,188.40071972597306,191.61041259765625,66628400,143.5500030517578,148.57000732421875,143.1300048828125,146.8800048828125,46822400,127.98301027838883,131.14909112296962,127.28826255646621,130.00772094726562,27384800,361.06649939717056,367.5990728871551,360.24867607861006,367.04730224609375,23065000
2023-12-06,192.63079897005184,192.93789631295678,190.3126947209947,190.52073669433594,41089700,147.5800018310547,147.85000610351562,144.27999877929688,144.52000427246094,39679000,130.45433249808588,130.85132683618656,128.9060333773847,129.04498291015625,23576200,368.0523741639695,368.68295635972305,362.62331133398067,363.3819885253906,21182100
2023-12-07,191.8184723448333,193.17565028147504,191.77883810543793,192.45248413085938,47477700,146.14999389648438,147.9199981689453,145.33999633789062,146.8800048828125,52352800,134.02732621189014,137.52093391588886,133.68987951198724,135.9031524658203,56767100,362.8204458454036,365.9931429196831,360.93850151827866,365.50048828125,23118900
2023-12-08,192.38313041357762,194.15639227120218,191.8580901155405,193.87901306152344,53406400,145.47999572753906,147.83999633789062,145.39999389648438,147.4199981689453,41906000,133.19360751878372,135.37710630216824,133.024884196069,133.97769165039062,32260100,363.776165260302,368.95887115666653,362.8204141424842,368.7322692871094,20154400
2023-12-11,191.30332816215127,191.6797778466323,189.62913681721145,191.37266540527344,60943700,145.66000366210938,146.19000244140625,143.63999938964844,145.88999938964844,50907300,131.3872714988426,132.3400638639477,130.37491635960205,132.29043579101562,31138000,363.0666966388489,366.14085612363203,360.7216562431051,365.8452453613281,27708800
2023-12-12,191.27362671385956,192.8982829604503,189.92634969600132,192.8883819580078,52696900,145.52000427246094,147.5,145.3000030517578,147.47999572753906,44944300,130.82154752185775,132.00262607297714,130.2756689716308,131.52622985839844,29032800,365.4019256182351,368.91948670565927,365.0176405940666,368.88006591796875,24838300
2023-12-13,193.26482653488247,196.14760557804456,193.02708153571695,196.1079864501953,70404200,148.1199951171875,149.4600067138672,146.82000732421875,148.83999633789062,52766200,132.37979009748466,132.49888537297187,130.583365685189,131.57586669921875,30104800,370.4959629431741,372.0921891414662,365.32308952611504,368.8702087402344,30955500
2023-12-14,196.16740691178524,197.75242887078264,194.32480773637585,196.25656127929688,66831600,149.92999267578125,150.5399932861328,145.52000427246094,147.4199981689453,58400800,132.37978056258655,132.71722724840416,128.71744966150473,130.95057678222656,38722400,367.8257861452431,368.2691873263225,358.78065463293524,360.55419921875,43277500
2023-12-15,195.68196915621468,196.5438248679527,195.15692888170386,195.7216033935547,128538400,148.3800048828125,150.57000732421875,147.8800048828125,149.97000122070312,110089300,130.63297472797083,132.5088009828191,130.19627187171184,131.6056365966797,50847100,361.46071708829936,366.9291715904146,360.89908357942716,365.2837219238281,78502300
2023-12-18,194.25542257484832,194.79037892166303,192.57133041449305,194.0572967529297,55751900,150.55999755859375,154.85000610351562,150.0500030517578,154.07000732421875,62512800,131.6353903862347,136.12148324947407,131.43687810405666,134.7816162109375,32258000,364.0225651120335,367.52040140873044,363.2638576396003,367.175537109375,21802900
2023-12-19,194.32480226669028,195.10740466398735,194.05732405565033,195.09750366210938,40714100,154.39999389648438,155.1199951171875,152.69000244140625,153.7899932861328,43171300,135.81382173780045,136.43910216120065,135.05952649346082,135.625244140625,25476800,366.03250325578983,367.7765197753906,364.4067490977682,367.7765197753906,20603700
2023-12-20,195.05788936850126,195.8305908429342,193.00726318359375,193.00726318359375,52242800,152.89999389648438,155.6300048828125,151.55999755859375,152.1199951171875,50322100,137.9278622500159,140.63738568200563,137.03461742674637,137.30258178710938,49107200,369.49095210036234,370.5058193793613,365.086618748556,365.17529296875,26316700
2023-12-21,194.26537091395173,195.23619818360498,191.6896894536902,192.858642578125,46482500,153.3000030517578,153.97000122070312,152.10000610351562,153.83999633789062,36305700,138.44395531377506,139.63495335905975,138.1362673150206,139.36697387695312,27488300,367.0867544249883,368.9095822665608,364.6037863278298,368.0523681640625,17708000
2023-12-22,193.35394675355903,193.58180582555468,191.16463132079943,191.7887420654297,37149600,153.77000427246094,154.35000610351562,152.7100067138672,153.4199981689453,29514100,139.71436841353267,140.9252208312421,139.65482077731141,140.42897033691406,26532200,368.190345627308,369.66830947141494,367.23459447201543,369.0771179199219,17107500
2023-12-26,191.79868551282587,192.07606476826226,191.0259839989623,191.24392700195312,28919300,153.55999755859375,153.97999572753906,153.02999877929688,153.41000366210938,25067200,140.52822269290866,141.61004522322366,140.13122832314528,140.45875549316406,16780300,369.49100743113524,371.40250998178607,368.0130434014107,369.156005859375,12673100
2023-12-27,190.68914273833013,191.68968812345565,189.30223153241622,191.34295654296875,48087700,153.55999755859375,154.77999877929688,153.1199951171875,153.33999633789062,31434700,140.52822004635922,141.01455101287016,138.8409712900939,139.31736755371094,19628600,368.2002236622604,369.5500925516314,367.33314669322573,368.57464599609375,14905400
2023-12-28,192.32370988068791,192.8388492190412,191.36278357008254,191.76895141601562,34049900,153.72000122070312,154.0800018310547,152.9499969482422,153.3800048828125,27057000,139.72428432008698,140.0815852724405,138.70200954003505,139.17840576171875,16045700,369.8555199252922,370.92950337498513,368.66330417937627,369.766845703125,14327000
2023-12-29,192.08593771837442,192.58125990446206,189.9362412446781,190.728759765625,42672100,153.10000610351562,153.88999938964844,151.02999877929688,151.94000244140625,39823200,138.5829084225353,139.3074298543242,137.73927658207975,138.6424560546875,18733000,370.47623473279145,371.61919693761735,367.9932665377033,370.5156555175781,18730800
